-- phpMyAdmin SQL Dump
-- version 3.3.10deb1
-- http://www.phpmyadmin.net
--
-- Host: localhost
-- Erstellungszeit: 15. April 2012 um 23:49
-- Server Version: 5.1.61
-- PHP-Version: 5.3.5-1ubuntu7.7

SET SQL_MODE="NO_AUTO_VALUE_ON_ZERO";


/*!40101 SET @OLD_CHARACTER_SET_CLIENT=@@CHARACTER_SET_CLIENT */;
/*!40101 SET @OLD_CHARACTER_SET_RESULTS=@@CHARACTER_SET_RESULTS */;
/*!40101 SET @OLD_COLLATION_CONNECTION=@@COLLATION_CONNECTION */;
/*!40101 SET NAMES utf8 */;

--
-- Datenbank: `heldenWeb`
--

-- --------------------------------------------------------

--
-- Tabellenstruktur für Tabelle `beschreibungen`
--

CREATE TABLE IF NOT EXISTS `beschreibungen` (
  `id` varchar(36) NOT NULL COMMENT 'Eindeutige UUID des Helden',
  `held_id` varchar(36) NOT NULL,
  `augenfarbe` varchar(30) NOT NULL,
  `aussehen` text NOT NULL,
  `familie` text NOT NULL,
  `geburtstag` varchar(30) NOT NULL,
  `gewicht` int(11) NOT NULL COMMENT 'Gewicht in Stein (kg)',
  `groesse` int(30) NOT NULL COMMENT 'Größe in Halbfingern (cm)',
  `haarfarbe` varchar(30) NOT NULL,
  `stand` varchar(50) NOT NULL,
  `titel` text NOT NULL,
  PRIMARY KEY (`id`)
) ENGINE=MyISAM DEFAULT CHARSET=utf8 COMMENT='Grunddaten der Helden';

--
-- Daten für Tabelle `beschreibungen`
--

INSERT INTO `beschreibungen` (`id`, `held_id`, `augenfarbe`, `aussehen`, `familie`, `geburtstag`, `gewicht`, `groesse`, `haarfarbe`, `stand`, `titel`) VALUES
('4f8a1005-27fc-48ef-b849-08bd6082e357', '4f8a1005-3b68-4169-801f-08bd6082e357', 'braun', 'Noch jung\nNett\ndskfj\nsdk', 'ksdjhf\nskjhgsdk\nskgjhsd\nkjghsdg\nsdkgjh\nsgkjhsdg', '1. Firun 0 Hal', 75, 175, 'dunkelblond', 'Freier', 'Keiner'),
('4f8a1151-9ea8-4118-ade8-08bc6082e357', '4f8a1151-adc8-4fd1-81f8-08bc6082e357', 'saphirblau', '', '', '10. Phex 1003 BF', 72, 192, 'hellblond', '', ''),
('4f8b04f7-ab6c-44d7-99de-3f226082e357', '4f8b04f7-97c8-4153-8341-3f226082e357', 'blau', '', '', '26. Efferd 10 Hal', 110, 205, 'braun', '', '');

-- --------------------------------------------------------

--
-- Tabellenstruktur für Tabelle `eigenschaften`
--

CREATE TABLE IF NOT EXISTS `eigenschaften` (
  `id` varchar(36) NOT NULL,
  `kurzbezeichnung` varchar(5) NOT NULL,
  `name` text NOT NULL,
  PRIMARY KEY (`id`)
) ENGINE=MyISAM DEFAULT CHARSET=utf8;

--
-- Daten für Tabelle `eigenschaften`
--

INSERT INTO `eigenschaften` (`id`, `kurzbezeichnung`, `name`) VALUES
('4f8a0ff6-f028-4e04-bc0d-08bd6082e357', 'AsE', 'Astralenergie'),
('4f8a0ff6-c9cc-456f-bcf5-08bd6082e357', 'AT', 'Attacke'),
('4f8a0ff7-7f00-4e13-a943-08bd6082e357', 'AU', 'Ausdauer'),
('4f8a0ff7-6408-4680-8044-08bd6082e357', 'CH', 'Charisma'),
('4f8a0ff7-77cc-4746-99b0-08bd6082e357', 'FK', 'Fernkampf-Basis'),
('4f8a0ff7-7f90-493d-a04d-08bd6082e357', 'FF', 'Fingerfertigkeit'),
('4f8a0ff7-e664-4eb9-8676-08bd6082e357', 'GE', 'Gewandtheit'),
('4f8a0ff7-6378-4d47-9593-08bd6082e357', 'INI', 'Initiative'),
('4f8a0ff7-4730-410f-9e0c-08bd6082e357', 'IN', 'Intuition'),
('4f8a0ff7-db38-4fe1-9521-08bd6082e357', 'KaE', 'Karmaenergie'),
('4f8a0ff7-12ec-4e0e-be73-08bd6082e357', 'KL', 'Klugheit'),
('4f8a0ff7-e5bc-49c7-bb5b-08bd6082e357', 'KO', 'Konstitution'),
('4f8a0ff7-6fc0-41fa-8df3-08bd6082e357', 'KK', 'Körperkraft'),
('4f8a0ff7-c8b0-4cf3-9cc1-08bd6082e357', 'LE', 'Lebensenergie'),
('4f8a0ff7-d128-4dd6-91d4-08bd6082e357', 'MR', 'Magieresistenz'),
('4f8a0ff7-08dc-471b-8a91-08bd6082e357', 'MU', 'Mut'),
('4f8a0ff7-edc0-44d7-a52d-08bd6082e357', 'PA', 'Parade'),
('4f8a0ff7-31d0-4085-a909-08bd6082e357', 'SO', 'Sozialstatus'),
('4f8ad9fe-e06c-4104-a095-0e8c6082e357', 'GS', 'Geschwindigkeit');

-- --------------------------------------------------------

--
-- Tabellenstruktur für Tabelle `eigenschaften_helden`
--

CREATE TABLE IF NOT EXISTS `eigenschaften_helden` (
  `id` varchar(36) NOT NULL,
  `held_id` varchar(36) NOT NULL,
  `eigenschaft_id` varchar(36) NOT NULL,
  `wert` int(11) NOT NULL,
  PRIMARY KEY (`id`)
) ENGINE=MyISAM DEFAULT CHARSET=utf8;

--
-- Daten für Tabelle `eigenschaften_helden`
--

INSERT INTO `eigenschaften_helden` (`id`, `held_id`, `eigenschaft_id`, `wert`) VALUES
('4f8a1005-59c0-4272-87d4-08bd6082e357', '4f8a1005-3b68-4169-801f-08bd6082e357', '4f8a0ff6-f028-4e04-bc0d-08bd6082e357', 0),
('4f8a1005-60a0-4d04-93f9-08bd6082e357', '4f8a1005-3b68-4169-801f-08bd6082e357', '4f8a0ff6-c9cc-456f-bcf5-08bd6082e357', 7),
('4f8a1005-8530-4eaf-9d8c-08bd6082e357', '4f8a1005-3b68-4169-801f-08bd6082e357', '4f8a0ff7-7f00-4e13-a943-08bd6082e357', 28),
('4f8a1005-6a14-4d19-a533-08bd6082e357', '4f8a1005-3b68-4169-801f-08bd6082e357', '4f8a0ff7-6408-4680-8044-08bd6082e357', 12),
('4f8a1005-2d3c-4fa0-bf25-08bb6082e357', '4f8a1005-3b68-4169-801f-08bd6082e357', '4f8a0ff7-77cc-4746-99b0-08bd6082e357', 8),
('4f8a1005-9170-4bbd-a6be-08bb6082e357', '4f8a1005-3b68-4169-801f-08bd6082e357', '4f8a0ff7-7f90-493d-a04d-08bd6082e357', 14),
('4f8a1005-e054-44a2-849d-08bb6082e357', '4f8a1005-3b68-4169-801f-08bd6082e357', '4f8a0ff7-e664-4eb9-8676-08bd6082e357', 13),
('4f8a1005-70d8-46cd-8332-08bb6082e357', '4f8a1005-3b68-4169-801f-08bd6082e357', '4f8a0ff7-6378-4d47-9593-08bd6082e357', 10),
('4f8a1005-9780-445d-b40e-08bb6082e357', '4f8a1005-3b68-4169-801f-08bd6082e357', '4f8a0ff7-4730-410f-9e0c-08bd6082e357', 13),
('4f8a1005-99d4-4c3a-bfbd-08bb6082e357', '4f8a1005-3b68-4169-801f-08bd6082e357', '4f8a0ff7-db38-4fe1-9521-08bd6082e357', 0),
('4f8a1006-d2f4-4fd5-891b-08bb6082e357', '4f8a1005-3b68-4169-801f-08bd6082e357', '4f8a0ff7-12ec-4e0e-be73-08bd6082e357', 13),
('4f8a1006-63b8-427e-83e2-08bb6082e357', '4f8a1005-3b68-4169-801f-08bd6082e357', '4f8a0ff7-e5bc-49c7-bb5b-08bd6082e357', 11),
('4f8a1006-acb8-402e-b59d-08bb6082e357', '4f8a1005-3b68-4169-801f-08bd6082e357', '4f8a0ff7-6fc0-41fa-8df3-08bd6082e357', 12),
('4f8a1006-1860-4496-bccc-08bb6082e357', '4f8a1005-3b68-4169-801f-08bd6082e357', '4f8a0ff7-c8b0-4cf3-9cc1-08bd6082e357', 27),
('4f8a1006-266c-46bf-9d6b-08bb6082e357', '4f8a1005-3b68-4169-801f-08bd6082e357', '4f8a0ff7-d128-4dd6-91d4-08bd6082e357', 3),
('4f8a1006-ee68-4a77-85fe-08bb6082e357', '4f8a1005-3b68-4169-801f-08bd6082e357', '4f8a0ff7-08dc-471b-8a91-08bd6082e357', 12),
('4f8a1006-1da8-4bfd-b99b-08bb6082e357', '4f8a1005-3b68-4169-801f-08bd6082e357', '4f8a0ff7-edc0-44d7-a52d-08bd6082e357', 8),
('4f8a1006-5db4-45b8-a216-08bb6082e357', '4f8a1005-3b68-4169-801f-08bd6082e357', '4f8a0ff7-31d0-4085-a909-08bd6082e357', 7),
('4f8a1151-b43c-494a-8fa7-08bc6082e357', '4f8a1151-adc8-4fd1-81f8-08bc6082e357', '4f8a0ff6-f028-4e04-bc0d-08bd6082e357', 27),
('4f8a1151-a08c-44aa-b59a-08bc6082e357', '4f8a1151-adc8-4fd1-81f8-08bc6082e357', '4f8a0ff6-c9cc-456f-bcf5-08bd6082e357', 6),
('4f8a1152-9060-4288-8afb-08bc6082e357', '4f8a1151-adc8-4fd1-81f8-08bc6082e357', '4f8a0ff7-7f00-4e13-a943-08bd6082e357', 31),
('4f8a1152-e604-4322-921e-08bc6082e357', '4f8a1151-adc8-4fd1-81f8-08bc6082e357', '4f8a0ff7-6408-4680-8044-08bd6082e357', 10),
('4f8a1152-1138-4b88-a85d-08bc6082e357', '4f8a1151-adc8-4fd1-81f8-08bc6082e357', '4f8a0ff7-77cc-4746-99b0-08bd6082e357', 6),
('4f8a1152-dac4-453f-b871-08bc6082e357', '4f8a1151-adc8-4fd1-81f8-08bc6082e357', '4f8a0ff7-7f90-493d-a04d-08bd6082e357', 10),
('4f8a1152-7f34-4a31-84b1-08bc6082e357', '4f8a1151-adc8-4fd1-81f8-08bc6082e357', '4f8a0ff7-e664-4eb9-8676-08bd6082e357', 15),
('4f8a1152-0fb8-4dda-a4f2-08bc6082e357', '4f8a1151-adc8-4fd1-81f8-08bc6082e357', '4f8a0ff7-6378-4d47-9593-08bd6082e357', 8),
('4f8a1152-8a5c-47d7-84dd-08bc6082e357', '4f8a1151-adc8-4fd1-81f8-08bc6082e357', '4f8a0ff7-4730-410f-9e0c-08bd6082e357', 11),
('4f8a1152-1c04-4469-8bd1-08bc6082e357', '4f8a1151-adc8-4fd1-81f8-08bc6082e357', '4f8a0ff7-db38-4fe1-9521-08bd6082e357', 0),
('4f8a1152-4800-4b8b-bb4a-08bc6082e357', '4f8a1151-adc8-4fd1-81f8-08bc6082e357', '4f8a0ff7-12ec-4e0e-be73-08bd6082e357', 7),
('4f8a1152-3900-45c4-a7e3-08bc6082e357', '4f8a1151-adc8-4fd1-81f8-08bc6082e357', '4f8a0ff7-e5bc-49c7-bb5b-08bd6082e357', 14),
('4f8a1152-1d1c-4465-b6ac-08bc6082e357', '4f8a1151-adc8-4fd1-81f8-08bc6082e357', '4f8a0ff7-6fc0-41fa-8df3-08bd6082e357', 7),
('4f8a1152-6e34-4d89-82e4-08bc6082e357', '4f8a1151-adc8-4fd1-81f8-08bc6082e357', '4f8a0ff7-c8b0-4cf3-9cc1-08bd6082e357', 24),
('4f8a1152-bbc8-45ba-8c04-08bc6082e357', '4f8a1151-adc8-4fd1-81f8-08bc6082e357', '4f8a0ff7-d128-4dd6-91d4-08bd6082e357', 4),
('4f8a1152-80a4-49d0-8388-08bc6082e357', '4f8a1151-adc8-4fd1-81f8-08bc6082e357', '4f8a0ff7-08dc-471b-8a91-08bd6082e357', 8),
('4f8a1152-4454-480e-a2d0-08bc6082e357', '4f8a1151-adc8-4fd1-81f8-08bc6082e357', '4f8a0ff7-edc0-44d7-a52d-08bd6082e357', 7),
('4f8a1152-2104-4db4-8109-08bc6082e357', '4f8a1151-adc8-4fd1-81f8-08bc6082e357', '4f8a0ff7-31d0-4085-a909-08bd6082e357', 3),
('4f8adb85-ffb0-48ec-acba-0b5a6082e357', '4f8a1005-3b68-4169-801f-08bd6082e357', '4f8ad9fe-e06c-4104-a095-0e8c6082e357', 8),
('4f8af8ac-c6ac-491d-96da-36796082e357', '4f8a1151-adc8-4fd1-81f8-08bc6082e357', '4f8ad9fe-e06c-4104-a095-0e8c6082e357', 8),
('4f8b04f7-5e34-40c2-9c9a-3f226082e357', '4f8b04f7-97c8-4153-8341-3f226082e357', '4f8a0ff6-f028-4e04-bc0d-08bd6082e357', 0),
('4f8b04f7-a0d8-43aa-a244-3f226082e357', '4f8b04f7-97c8-4153-8341-3f226082e357', '4f8a0ff6-c9cc-456f-bcf5-08bd6082e357', 8),
('4f8b04f7-3df8-4d70-9960-3f226082e357', '4f8b04f7-97c8-4153-8341-3f226082e357', '4f8a0ff7-7f00-4e13-a943-08bd6082e357', 32),
('4f8b04f7-fdc0-49b5-b64e-3f226082e357', '4f8b04f7-97c8-4153-8341-3f226082e357', '4f8a0ff7-6408-4680-8044-08bd6082e357', 10),
('4f8b04f7-c1d4-4a6b-8bf5-3f226082e357', '4f8b04f7-97c8-4153-8341-3f226082e357', '4f8a0ff7-77cc-4746-99b0-08bd6082e357', 7),
('4f8b04f7-bd18-48bc-8da0-3f226082e357', '4f8b04f7-97c8-4153-8341-3f226082e357', '4f8a0ff7-7f90-493d-a04d-08bd6082e357', 11),
('4f8b04f7-e488-4542-bb31-3f226082e357', '4f8b04f7-97c8-4153-8341-3f226082e357', '4f8a0ff7-e664-4eb9-8676-08bd6082e357', 13),
('4f8b04f7-9d48-4dc4-9a09-3f226082e357', '4f8b04f7-97c8-4153-8341-3f226082e357', '4f8a0ff7-6378-4d47-9593-08bd6082e357', 10),
('4f8b04f7-15f8-4410-93a1-3f226082e357', '4f8b04f7-97c8-4153-8341-3f226082e357', '4f8a0ff7-4730-410f-9e0c-08bd6082e357', 10),
('4f8b04f7-5c44-4d89-accb-3f226082e357', '4f8b04f7-97c8-4153-8341-3f226082e357', '4f8a0ff7-db38-4fe1-9521-08bd6082e357', 0),
('4f8b04f7-10b8-4106-bf72-3f226082e357', '4f8b04f7-97c8-4153-8341-3f226082e357', '4f8a0ff7-12ec-4e0e-be73-08bd6082e357', 9),
('4f8b04f7-9a98-48fb-9674-3f226082e357', '4f8b04f7-97c8-4153-8341-3f226082e357', '4f8a0ff7-e5bc-49c7-bb5b-08bd6082e357', 14),
('4f8b04f7-ae5c-43b6-96a0-3f226082e357', '4f8b04f7-97c8-4153-8341-3f226082e357', '4f8a0ff7-6fc0-41fa-8df3-08bd6082e357', 14),
('4f8b04f8-72d4-45f7-a05d-3f226082e357', '4f8b04f7-97c8-4153-8341-3f226082e357', '4f8a0ff7-c8b0-4cf3-9cc1-08bd6082e357', 32),
('4f8b04f8-b664-459b-be3a-3f226082e357', '4f8b04f7-97c8-4153-8341-3f226082e357', '4f8a0ff7-d128-4dd6-91d4-08bd6082e357', 2),
('4f8b04f8-0330-4579-9215-3f226082e357', '4f8b04f7-97c8-4153-8341-3f226082e357', '4f8a0ff7-08dc-471b-8a91-08bd6082e357', 13),
('4f8b04f8-4aa8-456f-8bcd-3f226082e357', '4f8b04f7-97c8-4153-8341-3f226082e357', '4f8a0ff7-edc0-44d7-a52d-08bd6082e357', 7),
('4f8b04f8-a418-4cac-a6ba-3f226082e357', '4f8b04f7-97c8-4153-8341-3f226082e357', '4f8a0ff7-31d0-4085-a909-08bd6082e357', 5),
('4f8b04f8-a34c-49d9-93e7-3f226082e357', '4f8b04f7-97c8-4153-8341-3f226082e357', '4f8ad9fe-e06c-4104-a095-0e8c6082e357', 8);

-- --------------------------------------------------------

--
-- Tabellenstruktur für Tabelle `fernkampfwaffen`
--

CREATE TABLE IF NOT EXISTS `fernkampfwaffen` (
  `id` varchar(36) NOT NULL,
  `held_id` varchar(36) NOT NULL,
  `talent_id` varchar(36) NOT NULL,
  `name` text NOT NULL,
  `fernkampfwert` int(11) NOT NULL,
  `trefferpunkte` varchar(10) NOT NULL,
  `ladezeit` int(11) NOT NULL,
  `munitionsart` text NOT NULL,
  `reichweite0` int(11) NOT NULL,
  `reichweite1` int(11) NOT NULL,
  `reichweite2` int(11) NOT NULL,
  `reichweite3` int(11) NOT NULL,
  `reichweite4` int(11) NOT NULL,
  `trefferpunkte0` int(11) NOT NULL,
  `trefferpunkte1` int(11) NOT NULL,
  `trefferpunkte2` int(11) NOT NULL,
  `trefferpunkte3` int(11) NOT NULL,
  `trefferpunkte4` int(11) NOT NULL,
  PRIMARY KEY (`id`)
) ENGINE=MyISAM DEFAULT CHARSET=utf8;

--
-- Daten für Tabelle `fernkampfwaffen`
--

INSERT INTO `fernkampfwaffen` (`id`, `held_id`, `talent_id`, `name`, `fernkampfwert`, `trefferpunkte`, `ladezeit`, `munitionsart`, `reichweite0`, `reichweite1`, `reichweite2`, `reichweite3`, `reichweite4`, `trefferpunkte0`, `trefferpunkte1`, `trefferpunkte2`, `trefferpunkte3`, `trefferpunkte4`) VALUES
('4f8b23f4-2ee0-4f54-9479-0e8c6082e357', '4f8a1005-3b68-4169-801f-08bd6082e357', '4f8a1004-e2e8-4ec1-a082-08bd6082e357', 'Wurfdolch', 18, '1w6+1', -1, 'keine', 2, 4, 6, 8, 15, 1, 0, 0, 0, -1),
('4f8b23f4-6434-4a76-800e-0e8c6082e357', '4f8a1005-3b68-4169-801f-08bd6082e357', '4f8a1004-e2e8-4ec1-a082-08bd6082e357', 'Wurfmesser', 18, '1w6+0', -1, 'keine', 2, 4, 6, 8, 15, 1, 0, 0, 0, -1),
('4f8b2a4c-2820-4034-b16b-422b6082e357', '4f8b04f7-97c8-4153-8341-3f226082e357', '4f8a1004-e2e8-4ec1-a082-08bd6082e357', 'Dolch', 7, '1w6+0', 0, 'keine', 1, 3, 5, 7, 10, 0, 0, 0, -1, -1),
('4f8b2a4d-3048-493c-84ac-422b6082e357', '4f8b04f7-97c8-4153-8341-3f226082e357', '4f8b04f6-b2e0-4c90-88a5-3f226082e357', 'Schneidzahn', 17, '1w6+4', -1, 'keine', 0, 5, 10, 15, 30, 0, 1, 1, 0, -1),
('4f8b2a4d-95dc-4e73-a2a1-0b5f6082e357', '4f8b04f7-97c8-4153-8341-3f226082e357', '', 'Dicke Kleidung', 0, '', 0, '', 0, 0, 0, 0, 0, 0, 0, 0, 0, 0),
('4f8b2a4d-1274-4ae2-b9c9-0b5f6082e357', '4f8b04f7-97c8-4153-8341-3f226082e357', '', 'gesamt', 0, '', 0, '', 0, 0, 0, 0, 0, 0, 0, 0, 0, 0);

-- --------------------------------------------------------

--
-- Tabellenstruktur für Tabelle `helden`
--

CREATE TABLE IF NOT EXISTS `helden` (
  `id` varchar(36) NOT NULL COMMENT 'Eindeutige UUID des Helden',
  `identifier` varchar(20) NOT NULL,
  `name` text NOT NULL,
  `geschlecht` varchar(15) NOT NULL,
  `kultur` varchar(50) NOT NULL,
  `profession` varchar(50) NOT NULL,
  `rasse` varchar(40) NOT NULL,
  `stufe` int(11) NOT NULL,
  `zaubersprueche` tinyint(1) NOT NULL COMMENT 'Wird gesetzt, wenn der Held Zaubersprüche hat',
  PRIMARY KEY (`id`)
) ENGINE=MyISAM DEFAULT CHARSET=utf8 COMMENT='Grunddaten der Helden';

--
-- Daten für Tabelle `helden`
--

INSERT INTO `helden` (`id`, `identifier`, `name`, `geschlecht`, `kultur`, `profession`, `rasse`, `stufe`, `zaubersprueche`) VALUES
('4f8a1005-3b68-4169-801f-08bd6082e357', '1332434880672', 'Kosimo', 'männlich', 'Horasreich', 'Einbrecher', 'Mittelländer', -99, 0),
('4f8a1151-adc8-4fd1-81f8-08bc6082e357', '1333388455807', 'Tom', 'männlich', 'Auelfische Sippe', 'Wildnisläufer, Auenläufer', 'Auelf', -99, 1),
('4f8b04f7-97c8-4153-8341-3f226082e357', '1158953127953', 'Ternarged (DSA 4.0)', 'männlich', 'Thorwal', 'Krieger', 'Thorwaler', -99, 0);

-- --------------------------------------------------------

--
-- Tabellenstruktur für Tabelle `helden_sonderfertigkeiten`
--

CREATE TABLE IF NOT EXISTS `helden_sonderfertigkeiten` (
  `id` varchar(36) NOT NULL,
  `held_id` varchar(36) NOT NULL,
  `sonderfertigkeit_id` varchar(36) NOT NULL,
  `spezialisierung` text,
  PRIMARY KEY (`id`)
) ENGINE=MyISAM DEFAULT CHARSET=utf8;

--
-- Daten für Tabelle `helden_sonderfertigkeiten`
--

INSERT INTO `helden_sonderfertigkeiten` (`id`, `held_id`, `sonderfertigkeit_id`, `spezialisierung`) VALUES
('4f8af8ac-a4bc-4033-bb09-36796082e357', '4f8a1151-adc8-4fd1-81f8-08bc6082e357', '4f8a114f-11f8-4823-81f5-08bc6082e357', ''),
('4f8af8ac-b544-4b07-96ad-36796082e357', '4f8a1151-adc8-4fd1-81f8-08bc6082e357', '4f8a114f-664c-4296-b95a-08bc6082e357', ''),
('4f8af8ac-d6bc-4bbd-b00e-36796082e357', '4f8a1151-adc8-4fd1-81f8-08bc6082e357', '4f8a114f-6fa0-45f0-9ebb-08bc6082e357', ''),
('4f8af8ac-06a8-4c6c-93f6-36796082e357', '4f8a1151-adc8-4fd1-81f8-08bc6082e357', '4f8a114f-6314-4560-9491-08bc6082e357', ''),
('4f8af8ac-4c10-46ea-aa05-36796082e357', '4f8a1151-adc8-4fd1-81f8-08bc6082e357', '4f8a114f-8fd0-4d00-9fe0-08bc6082e357', ''),
('4f8af8ac-9178-4224-a85a-36796082e357', '4f8a1151-adc8-4fd1-81f8-08bc6082e357', '4f8a1150-96f0-47b5-8964-08bc6082e357', ''),
('4f8af8ac-d168-48d7-9401-36796082e357', '4f8a1151-adc8-4fd1-81f8-08bc6082e357', '4f8a1150-f5d0-4674-bb70-08bc6082e357', ''),
('4f8af8ac-9f88-4e87-af63-36796082e357', '4f8a1151-adc8-4fd1-81f8-08bc6082e357', '4f8a1150-82a4-4e0a-ad16-08bc6082e357', ''),
('4f8af8ac-618c-4aa3-9489-36796082e357', '4f8a1151-adc8-4fd1-81f8-08bc6082e357', '4f8a1150-116c-4997-8e6b-08bc6082e357', ''),
('4f8af8ac-b950-4773-bdd7-36796082e357', '4f8a1151-adc8-4fd1-81f8-08bc6082e357', '4f8a1150-6cc8-47be-bd98-08bc6082e357', ''),
('4f8af906-76fc-42ff-b8a6-0e8c6082e357', '4f8a1151-adc8-4fd1-81f8-08bc6082e357', '4f8a114f-11f8-4823-81f5-08bc6082e357', ''),
('4f8af906-96c0-41c2-857b-0e8c6082e357', '4f8a1151-adc8-4fd1-81f8-08bc6082e357', '4f8a114f-664c-4296-b95a-08bc6082e357', ''),
('4f8af906-1274-4b98-9de7-0e8c6082e357', '4f8a1151-adc8-4fd1-81f8-08bc6082e357', '4f8a114f-6fa0-45f0-9ebb-08bc6082e357', ''),
('4f8af906-97ec-45df-a033-0e8c6082e357', '4f8a1151-adc8-4fd1-81f8-08bc6082e357', '4f8a114f-6314-4560-9491-08bc6082e357', ''),
('4f8af906-2ef8-49f8-bdd9-0e8c6082e357', '4f8a1151-adc8-4fd1-81f8-08bc6082e357', '4f8a114f-8fd0-4d00-9fe0-08bc6082e357', ''),
('4f8af906-a854-48d5-a99c-0e8c6082e357', '4f8a1151-adc8-4fd1-81f8-08bc6082e357', '4f8a1150-96f0-47b5-8964-08bc6082e357', ''),
('4f8af906-bd4c-49ad-8cea-0e8c6082e357', '4f8a1151-adc8-4fd1-81f8-08bc6082e357', '4f8a1150-f5d0-4674-bb70-08bc6082e357', ''),
('4f8af906-cccc-4e95-bed1-0e8c6082e357', '4f8a1151-adc8-4fd1-81f8-08bc6082e357', '4f8a1150-82a4-4e0a-ad16-08bc6082e357', ''),
('4f8af906-7954-4187-a7d1-0e8c6082e357', '4f8a1151-adc8-4fd1-81f8-08bc6082e357', '4f8a1150-116c-4997-8e6b-08bc6082e357', ''),
('4f8af906-fe68-4333-981e-0e8c6082e357', '4f8a1151-adc8-4fd1-81f8-08bc6082e357', '4f8a1150-6cc8-47be-bd98-08bc6082e357', ''),
('4f8af9cd-02b0-493c-9341-0b606082e357', '4f8a1151-adc8-4fd1-81f8-08bc6082e357', '4f8a114f-11f8-4823-81f5-08bc6082e357', ''),
('4f8af9cd-4298-495e-9417-0b606082e357', '4f8a1151-adc8-4fd1-81f8-08bc6082e357', '4f8a114f-664c-4296-b95a-08bc6082e357', ''),
('4f8af9cd-1224-47f3-bb24-0b606082e357', '4f8a1151-adc8-4fd1-81f8-08bc6082e357', '4f8a114f-6fa0-45f0-9ebb-08bc6082e357', ''),
('4f8af9cd-9ccc-45a5-a21f-0b606082e357', '4f8a1151-adc8-4fd1-81f8-08bc6082e357', '4f8a114f-6314-4560-9491-08bc6082e357', ''),
('4f8af9cd-6c7c-4617-9098-0b606082e357', '4f8a1151-adc8-4fd1-81f8-08bc6082e357', '4f8a114f-8fd0-4d00-9fe0-08bc6082e357', ''),
('4f8af9cd-1514-49f3-a4bd-0b606082e357', '4f8a1151-adc8-4fd1-81f8-08bc6082e357', '4f8a1150-96f0-47b5-8964-08bc6082e357', ''),
('4f8af9cd-8bf4-45f2-a270-0b606082e357', '4f8a1151-adc8-4fd1-81f8-08bc6082e357', '4f8a1150-f5d0-4674-bb70-08bc6082e357', ''),
('4f8af9cd-4dd4-4991-ae96-0b606082e357', '4f8a1151-adc8-4fd1-81f8-08bc6082e357', '4f8a1150-82a4-4e0a-ad16-08bc6082e357', ''),
('4f8af9ce-2f58-4686-af98-0b606082e357', '4f8a1151-adc8-4fd1-81f8-08bc6082e357', '4f8a1150-116c-4997-8e6b-08bc6082e357', ''),
('4f8af9ce-572c-4b69-8c53-0b606082e357', '4f8a1151-adc8-4fd1-81f8-08bc6082e357', '4f8a1150-6cc8-47be-bd98-08bc6082e357', ''),
('4f8b04f8-8fec-45a5-85aa-3f226082e357', '4f8b04f7-97c8-4153-8341-3f226082e357', '4f8b04f6-e320-4ac4-8678-3f226082e357', ''),
('4f8b04f8-f48c-4821-9cd7-3f226082e357', '4f8b04f7-97c8-4153-8341-3f226082e357', '4f8b04f6-b04c-4c23-a6a4-3f226082e357', ''),
('4f8b04f8-5568-4c07-9f60-3f226082e357', '4f8b04f7-97c8-4153-8341-3f226082e357', '4f8b04f6-3214-43b6-a3e9-3f226082e357', ''),
('4f8b2a48-c98c-4085-b622-422b6082e357', '4f8b04f7-97c8-4153-8341-3f226082e357', '4f8b04f6-e320-4ac4-8678-3f226082e357', ''),
('4f8b2a48-94e8-418e-a016-422b6082e357', '4f8b04f7-97c8-4153-8341-3f226082e357', '4f8b04f6-b04c-4c23-a6a4-3f226082e357', ''),
('4f8b2a48-88e4-4dec-9033-422b6082e357', '4f8b04f7-97c8-4153-8341-3f226082e357', '4f8b04f6-3214-43b6-a3e9-3f226082e357', ''),
('4f8b2a83-4cf0-454a-aa5f-0b626082e357', '4f8b04f7-97c8-4153-8341-3f226082e357', '4f8b04f6-e320-4ac4-8678-3f226082e357', ''),
('4f8b2a83-7ae0-468c-86b9-0b626082e357', '4f8b04f7-97c8-4153-8341-3f226082e357', '4f8b04f6-b04c-4c23-a6a4-3f226082e357', ''),
('4f8b2a83-8abc-4a59-83f6-0b626082e357', '4f8b04f7-97c8-4153-8341-3f226082e357', '4f8b04f6-3214-43b6-a3e9-3f226082e357', ''),
('4f8b2aab-4514-4052-bc94-3f236082e357', '4f8b04f7-97c8-4153-8341-3f226082e357', '4f8b04f6-e320-4ac4-8678-3f226082e357', ''),
('4f8b2aab-596c-428d-8222-3f236082e357', '4f8b04f7-97c8-4153-8341-3f226082e357', '4f8b04f6-b04c-4c23-a6a4-3f226082e357', ''),
('4f8b2aab-e1bc-41a9-89d9-3f236082e357', '4f8b04f7-97c8-4153-8341-3f226082e357', '4f8b04f6-3214-43b6-a3e9-3f226082e357', '');

-- --------------------------------------------------------

--
-- Tabellenstruktur für Tabelle `helden_talente`
--

CREATE TABLE IF NOT EXISTS `helden_talente` (
  `id` varchar(36) NOT NULL,
  `held_id` varchar(36) NOT NULL,
  `talent_id` varchar(36) NOT NULL,
  `talentwert` int(11) NOT NULL,
  `attacke` int(11) DEFAULT NULL,
  `parade` int(11) DEFAULT NULL,
  `behinderung` varchar(20) DEFAULT NULL,
  PRIMARY KEY (`id`)
) ENGINE=MyISAM DEFAULT CHARSET=utf8;

--
-- Daten für Tabelle `helden_talente`
--

INSERT INTO `helden_talente` (`id`, `held_id`, `talent_id`, `talentwert`, `attacke`, `parade`, `behinderung`) VALUES
('4f8a1006-20c8-4009-90fa-08bb6082e357', '4f8a1005-3b68-4169-801f-08bd6082e357', '4f8a1001-d708-46a0-a9b3-08bd6082e357', 1, 9, 0, 'BE-5'),
('4f8a1006-fcf0-4584-a1d4-08bb6082e357', '4f8a1005-3b68-4169-801f-08bd6082e357', '4f8a1001-9414-4b28-a345-08bd6082e357', 7, 11, 11, 'BE-1'),
('4f8a1006-6e74-42b8-a4bf-08bb6082e357', '4f8a1005-3b68-4169-801f-08bd6082e357', '4f8a1001-7240-43df-ae8f-08bd6082e357', 1, 8, 8, 'BE-1'),
('4f8a1006-ab3c-4d3e-aba1-08bb6082e357', '4f8a1005-3b68-4169-801f-08bd6082e357', '4f8a1002-60a4-4352-b3a6-08bd6082e357', 0, 7, 8, 'BE-4'),
('4f8a1006-aa8c-4186-8860-08bb6082e357', '4f8a1005-3b68-4169-801f-08bd6082e357', '4f8a1002-1974-4c03-82e1-08bd6082e357', 1, 8, 8, 'BE-3'),
('4f8a1006-e880-452f-b071-08bb6082e357', '4f8a1005-3b68-4169-801f-08bd6082e357', '4f8a1003-bbb0-417d-83cc-08bd6082e357', 1, 8, 8, 'BE'),
('4f8a1006-0f04-4051-a7ed-08bb6082e357', '4f8a1005-3b68-4169-801f-08bd6082e357', '4f8a1003-3ef8-463c-a061-08bd6082e357', 1, 8, 8, 'BE'),
('4f8a1007-6748-4eed-91e9-08bb6082e357', '4f8a1005-3b68-4169-801f-08bd6082e357', '4f8a1004-69b8-4f25-89bf-08bd6082e357', 0, 7, 8, 'BE-2'),
('4f8a1007-1450-40e6-9014-08bb6082e357', '4f8a1005-3b68-4169-801f-08bd6082e357', '4f8a1004-e2e8-4ec1-a082-08bd6082e357', 10, 18, 0, 'BE-3'),
('4f8a1007-e160-4c3b-987c-08bb6082e357', '4f8a1005-3b68-4169-801f-08bd6082e357', '4f8a1001-d29c-43a9-bd75-08bd6082e357', 5, -1, -1, 'BEx2'),
('4f8a1007-fa14-4063-b8bf-08bb6082e357', '4f8a1005-3b68-4169-801f-08bd6082e357', '4f8a1001-e9e8-41f4-aae2-08bd6082e357', 2, -1, -1, 'BEx2'),
('4f8a1007-c148-4f49-809b-08bb6082e357', '4f8a1005-3b68-4169-801f-08bd6082e357', '4f8a1002-81f4-4b2f-9072-08bd6082e357', 14, -1, -1, 'BEx2'),
('4f8a1007-65b8-4352-a7fe-08bb6082e357', '4f8a1005-3b68-4169-801f-08bd6082e357', '4f8a1002-c6a4-484b-b53c-08bd6082e357', 5, -1, -1, 'BEx2'),
('4f8a1007-1aac-473f-997e-08bb6082e357', '4f8a1005-3b68-4169-801f-08bd6082e357', '4f8a1003-c5c8-48f7-9571-08bd6082e357', 8, -1, -1, 'BE'),
('4f8a1007-ba08-44bb-b86d-08bb6082e357', '4f8a1005-3b68-4169-801f-08bd6082e357', '4f8a1003-f6dc-45a6-b613-08bd6082e357', 1, -1, -1, 'BEx2'),
('4f8a1007-9c30-4bea-a821-08bb6082e357', '4f8a1005-3b68-4169-801f-08bd6082e357', '4f8a1003-9a54-4843-80a6-08bd6082e357', 2, -1, -1, ''),
('4f8a1007-c570-4f6f-ac70-08bb6082e357', '4f8a1005-3b68-4169-801f-08bd6082e357', '4f8a1004-1c34-40c9-8601-08bd6082e357', 7, -1, -1, 'BE-2'),
('4f8a1007-0a08-46a5-8e64-08bb6082e357', '4f8a1005-3b68-4169-801f-08bd6082e357', '4f8a1004-f410-4fa9-8482-08bd6082e357', 0, -1, -1, 'BE-3'),
('4f8a1007-2f60-457a-b10b-08bb6082e357', '4f8a1005-3b68-4169-801f-08bd6082e357', '4f8a1004-7574-420c-8ca5-08bd6082e357', 11, -1, -1, '0->BE'),
('4f8a1007-4f40-4a9f-bdaf-08bb6082e357', '4f8a1005-3b68-4169-801f-08bd6082e357', '4f8a1004-8bcc-4ea8-890e-08bd6082e357', 1, -1, -1, 'BEx2'),
('4f8a1007-09f4-4d86-ad22-08bb6082e357', '4f8a1005-3b68-4169-801f-08bd6082e357', '4f8a1004-43e0-41dd-a45f-08bd6082e357', 0, -1, -1, 'BEx2'),
('4f8a1007-9c6c-47d9-9a69-08bb6082e357', '4f8a1005-3b68-4169-801f-08bd6082e357', '4f8a1004-ef80-41f0-9dff-08bd6082e357', 0, -1, -1, ''),
('4f8a1007-2b60-47db-a8d9-08bb6082e357', '4f8a1005-3b68-4169-801f-08bd6082e357', '4f8a1001-1f28-4ccf-a745-08bd6082e357', 11, -1, -1, ''),
('4f8a1007-11d4-4a9c-8af9-08bb6082e357', '4f8a1005-3b68-4169-801f-08bd6082e357', '4f8a1001-a790-4908-8550-08bd6082e357', 5, -1, -1, ''),
('4f8a1008-31d8-479d-88dd-08bb6082e357', '4f8a1005-3b68-4169-801f-08bd6082e357', '4f8a1002-6c34-4489-8e09-08bd6082e357', 10, -1, -1, ''),
('4f8a1008-0c94-4650-ad06-08bb6082e357', '4f8a1005-3b68-4169-801f-08bd6082e357', '4f8a1003-d8d0-46e4-b5a0-08bd6082e357', 10, -1, -1, ''),
('4f8a1008-c48c-40cd-bb99-08bb6082e357', '4f8a1005-3b68-4169-801f-08bd6082e357', '4f8a1003-c884-4977-867e-08bd6082e357', 2, -1, -1, ''),
('4f8a1008-dfbc-4910-8198-08bb6082e357', '4f8a1005-3b68-4169-801f-08bd6082e357', '4f8a1004-ba78-4c74-937a-08bd6082e357', 10, -1, -1, ''),
('4f8a1008-bba4-4dc4-9dab-08bb6082e357', '4f8a1005-3b68-4169-801f-08bd6082e357', '4f8a1004-56f4-44a8-895e-08bd6082e357', 0, -1, -1, ''),
('4f8a1008-4e80-434a-8a93-08bb6082e357', '4f8a1005-3b68-4169-801f-08bd6082e357', '4f8a1001-da80-4314-930e-08bd6082e357', 7, -1, -1, '-/BE'),
('4f8a1008-fde0-4167-a427-08bb6082e357', '4f8a1005-3b68-4169-801f-08bd6082e357', '4f8a1001-a9a0-46e7-bb20-08bd6082e357', 0, -1, -1, ''),
('4f8a1008-a8f4-434b-89a9-08bb6082e357', '4f8a1005-3b68-4169-801f-08bd6082e357', '4f8a1002-9670-4b7e-89ca-08bd6082e357', 5, -1, -1, ''),
('4f8a1008-2a3c-4ca4-85f0-08bb6082e357', '4f8a1005-3b68-4169-801f-08bd6082e357', '4f8a1003-70d8-4bbc-80a2-08bd6082e357', 10, -1, -1, ''),
('4f8a1008-8d4c-4bd9-aeef-08bb6082e357', '4f8a1005-3b68-4169-801f-08bd6082e357', '4f8a1004-61e8-4087-9c5c-08bd6082e357', 0, -1, -1, ''),
('4f8a1008-4b84-450b-86be-08bb6082e357', '4f8a1005-3b68-4169-801f-08bd6082e357', '4f8a1002-939c-485f-8771-08bd6082e357', 0, -1, -1, ''),
('4f8a1008-2bb8-47ff-ba0b-08bb6082e357', '4f8a1005-3b68-4169-801f-08bd6082e357', '4f8a1002-0970-4c45-b9a7-08bd6082e357', 1, -1, -1, ''),
('4f8a1008-bc80-43a9-b97a-08bb6082e357', '4f8a1005-3b68-4169-801f-08bd6082e357', '4f8a1002-32cc-4453-9cda-08bd6082e357', 4, -1, -1, ''),
('4f8a1008-6938-4927-825f-08bb6082e357', '4f8a1005-3b68-4169-801f-08bd6082e357', '4f8a1002-dd54-4ac6-98e0-08bd6082e357', 1, -1, -1, ''),
('4f8a1008-6f10-4067-8702-08bb6082e357', '4f8a1005-3b68-4169-801f-08bd6082e357', '4f8a1003-83d0-4a0e-b76c-08bd6082e357', 7, -1, -1, ''),
('4f8a1008-a238-416e-81a3-08bb6082e357', '4f8a1005-3b68-4169-801f-08bd6082e357', '4f8a1003-31e4-46d4-b845-08bd6082e357', 7, -1, -1, ''),
('4f8a1008-06fc-40c2-acc3-08bb6082e357', '4f8a1005-3b68-4169-801f-08bd6082e357', '4f8a1003-2c84-4ec1-b993-08bd6082e357', 5, -1, -1, ''),
('4f8a1009-ea14-4484-820c-08bb6082e357', '4f8a1005-3b68-4169-801f-08bd6082e357', '4f8a1003-3fb4-47bb-a888-08bd6082e357', 3, -1, -1, ''),
('4f8a1009-6328-4c47-bc91-08bb6082e357', '4f8a1005-3b68-4169-801f-08bd6082e357', '4f8a1003-65e4-4986-bab3-08bd6082e357', 7, -1, -1, ''),
('4f8a1009-0860-42f8-85df-08bb6082e357', '4f8a1005-3b68-4169-801f-08bd6082e357', '4f8a1004-8a44-4c0d-af95-08bd6082e357', 11, -1, -1, ''),
('4f8a1009-1f04-44c7-9661-08bb6082e357', '4f8a1005-3b68-4169-801f-08bd6082e357', '4f8a1004-64b0-460d-a468-08bd6082e357', 5, -1, -1, ''),
('4f8a1009-4160-4a1a-b2ef-08bb6082e357', '4f8a1005-3b68-4169-801f-08bd6082e357', '4f8a1002-2bc0-4aa6-91eb-08bd6082e357', 3, -1, -1, ''),
('4f8a1009-8c5c-4f08-a41e-08bb6082e357', '4f8a1005-3b68-4169-801f-08bd6082e357', '4f8a1001-ed50-44f8-a74b-08bd6082e357', 1, -1, -1, ''),
('4f8a1009-8618-40fb-9a76-08bb6082e357', '4f8a1005-3b68-4169-801f-08bd6082e357', '4f8a1002-61c4-4ad1-9513-08bd6082e357', 0, -1, -1, ''),
('4f8a1009-9230-4ba4-8c1e-08bb6082e357', '4f8a1005-3b68-4169-801f-08bd6082e357', '4f8a1002-5d2c-4d60-804e-08bd6082e357', 0, -1, -1, ''),
('4f8a1009-76b0-4cb9-aa68-08bb6082e357', '4f8a1005-3b68-4169-801f-08bd6082e357', '4f8a1002-b328-418b-95ed-08bd6082e357', 0, -1, -1, ''),
('4f8a1009-99d4-4852-ae81-08bb6082e357', '4f8a1005-3b68-4169-801f-08bd6082e357', '4f8a1002-64c0-4e96-a80c-08bd6082e357', 0, -1, -1, ''),
('4f8a1009-0b18-4717-b207-08bb6082e357', '4f8a1005-3b68-4169-801f-08bd6082e357', '4f8a1002-1ff0-4a95-ac12-08bd6082e357', 0, -1, -1, ''),
('4f8a1009-5888-41f9-bbea-08bb6082e357', '4f8a1005-3b68-4169-801f-08bd6082e357', '4f8a1002-c2dc-4542-911a-08bd6082e357', 2, -1, -1, ''),
('4f8a1009-b89c-4d7e-8653-08bb6082e357', '4f8a1005-3b68-4169-801f-08bd6082e357', '4f8a1003-272c-4228-8cf0-08bd6082e357', 7, -1, -1, ''),
('4f8a1009-cb58-4c6a-8784-08bb6082e357', '4f8a1005-3b68-4169-801f-08bd6082e357', '4f8a1003-55a0-44f9-93bc-08bd6082e357', 15, -1, -1, ''),
('4f8a1009-ec24-4591-8ec9-08bb6082e357', '4f8a1005-3b68-4169-801f-08bd6082e357', '4f8a1003-0b5c-4abd-9988-08bd6082e357', 0, -1, -1, ''),
('4f8af8ac-7538-4fec-b03f-36796082e357', '4f8a1151-adc8-4fd1-81f8-08bc6082e357', '4f8a114d-948c-43fb-9735-08bc6082e357', 10, 16, 0, 'BE-3'),
('4f8af8ad-2240-4f56-9932-36796082e357', '4f8a1151-adc8-4fd1-81f8-08bc6082e357', '4f8a1001-9414-4b28-a345-08bd6082e357', 4, 9, 8, 'BE-1'),
('4f8af8ad-4524-42df-bb8a-36796082e357', '4f8a1151-adc8-4fd1-81f8-08bc6082e357', '4f8a1001-7240-43df-ae8f-08bd6082e357', 3, 7, 9, 'BE-1'),
('4f8af8ad-8a04-41ff-a7f7-36796082e357', '4f8a1151-adc8-4fd1-81f8-08bc6082e357', '4f8a1002-60a4-4352-b3a6-08bd6082e357', 0, 6, 7, 'BE-4'),
('4f8af8ad-5694-4f83-80c8-36796082e357', '4f8a1151-adc8-4fd1-81f8-08bc6082e357', '4f8a1003-bbb0-417d-83cc-08bd6082e357', 0, 6, 7, 'BE'),
('4f8af8ad-3d50-408c-9235-36796082e357', '4f8a1151-adc8-4fd1-81f8-08bc6082e357', '4f8a1003-3ef8-463c-a061-08bd6082e357', 0, 6, 7, 'BE'),
('4f8af8ad-4414-472a-bfd3-36796082e357', '4f8a1151-adc8-4fd1-81f8-08bc6082e357', '4f8a1004-69b8-4f25-89bf-08bd6082e357', 0, 6, 7, 'BE-2'),
('4f8af8ad-de40-422c-b530-36796082e357', '4f8a1151-adc8-4fd1-81f8-08bc6082e357', '4f8a1004-e2e8-4ec1-a082-08bd6082e357', 0, 6, 0, 'BE-3'),
('4f8af8ad-8424-4b23-819e-36796082e357', '4f8a1151-adc8-4fd1-81f8-08bc6082e357', '4f8a1001-e9e8-41f4-aae2-08bd6082e357', 4, -1, -1, 'BEx2'),
('4f8af8ad-98f8-4a46-92be-36796082e357', '4f8a1151-adc8-4fd1-81f8-08bc6082e357', '4f8a1002-81f4-4b2f-9072-08bd6082e357', 3, -1, -1, 'BEx2'),
('4f8af8ad-13e4-433b-9dd0-36796082e357', '4f8a1151-adc8-4fd1-81f8-08bc6082e357', '4f8a1002-c6a4-484b-b53c-08bd6082e357', 8, -1, -1, 'BEx2'),
('4f8af8ad-ac80-44aa-b61c-36796082e357', '4f8a1151-adc8-4fd1-81f8-08bc6082e357', '4f8a1003-c5c8-48f7-9571-08bd6082e357', 9, -1, -1, 'BE'),
('4f8af8ad-8b6c-4a43-a5a8-36796082e357', '4f8a1151-adc8-4fd1-81f8-08bc6082e357', '4f8a1003-f6dc-45a6-b613-08bd6082e357', 6, -1, -1, 'BEx2'),
('4f8af8ad-2104-44bd-9e45-36796082e357', '4f8a1151-adc8-4fd1-81f8-08bc6082e357', '4f8a1003-9a54-4843-80a6-08bd6082e357', 1, -1, -1, ''),
('4f8af8ad-9e64-4c44-8aa3-36796082e357', '4f8a1151-adc8-4fd1-81f8-08bc6082e357', '4f8a1004-1c34-40c9-8601-08bd6082e357', 8, -1, -1, 'BE-2'),
('4f8af8ad-a3fc-4b08-8782-36796082e357', '4f8a1151-adc8-4fd1-81f8-08bc6082e357', '4f8a1004-f410-4fa9-8482-08bd6082e357', 4, -1, -1, 'BE-3'),
('4f8af8ad-7be0-4bf5-9a27-36796082e357', '4f8a1151-adc8-4fd1-81f8-08bc6082e357', '4f8a1004-7574-420c-8ca5-08bd6082e357', 10, -1, -1, '0->BE'),
('4f8af8ad-f130-4c32-a33f-36796082e357', '4f8a1151-adc8-4fd1-81f8-08bc6082e357', '4f8a114e-19a4-46ea-a85f-08bc6082e357', 2, -1, -1, 'BE-4'),
('4f8af8ae-e254-42eb-9bef-36796082e357', '4f8a1151-adc8-4fd1-81f8-08bc6082e357', '4f8a1004-8bcc-4ea8-890e-08bd6082e357', 3, -1, -1, 'BEx2'),
('4f8af8ae-45ac-42f7-98a2-36796082e357', '4f8a1151-adc8-4fd1-81f8-08bc6082e357', '4f8a1004-ef80-41f0-9dff-08bd6082e357', -2, -1, -1, ''),
('4f8af8ae-77cc-480f-b34f-36796082e357', '4f8a1151-adc8-4fd1-81f8-08bc6082e357', '4f8a1001-1f28-4ccf-a745-08bd6082e357', 3, -1, -1, ''),
('4f8af8ae-a794-4716-8a2d-36796082e357', '4f8a1151-adc8-4fd1-81f8-08bc6082e357', '4f8a1002-6c34-4489-8e09-08bd6082e357', -2, -1, -1, ''),
('4f8af8ae-7338-447a-b0fc-36796082e357', '4f8a1151-adc8-4fd1-81f8-08bc6082e357', '4f8a1003-d8d0-46e4-b5a0-08bd6082e357', 0, -1, -1, ''),
('4f8af8ae-4f68-4ee3-847a-36796082e357', '4f8a1151-adc8-4fd1-81f8-08bc6082e357', '4f8a1004-ba78-4c74-937a-08bd6082e357', 0, -1, -1, ''),
('4f8af8ae-713c-4d8e-b5b3-36796082e357', '4f8a1151-adc8-4fd1-81f8-08bc6082e357', '4f8a1001-da80-4314-930e-08bd6082e357', 3, -1, -1, '-/BE'),
('4f8af8ae-41b4-4bc2-b86a-36796082e357', '4f8a1151-adc8-4fd1-81f8-08bc6082e357', '4f8a1001-a9a0-46e7-bb20-08bd6082e357', 6, -1, -1, ''),
('4f8af8ae-33c4-457e-aa0e-36796082e357', '4f8a1151-adc8-4fd1-81f8-08bc6082e357', '4f8a1002-9670-4b7e-89ca-08bd6082e357', 8, -1, -1, ''),
('4f8af8ae-b274-41f7-a770-36796082e357', '4f8a1151-adc8-4fd1-81f8-08bc6082e357', '4f8a1003-70d8-4bbc-80a2-08bd6082e357', 6, -1, -1, ''),
('4f8af8ae-4c18-46c8-a139-36796082e357', '4f8a1151-adc8-4fd1-81f8-08bc6082e357', '4f8a114e-e3a4-44a8-81cf-08bc6082e357', 3, -1, -1, ''),
('4f8af8ae-16b4-4aa6-91a1-36796082e357', '4f8a1151-adc8-4fd1-81f8-08bc6082e357', '4f8a1004-61e8-4087-9c5c-08bd6082e357', 8, -1, -1, ''),
('4f8af8ae-1990-4ccc-92f4-36796082e357', '4f8a1151-adc8-4fd1-81f8-08bc6082e357', '4f8a1002-32cc-4453-9cda-08bd6082e357', 0, -1, -1, ''),
('4f8af8ae-17fc-41eb-a1fa-36796082e357', '4f8a1151-adc8-4fd1-81f8-08bc6082e357', '4f8a1002-dd54-4ac6-98e0-08bd6082e357', 3, -1, -1, ''),
('4f8af8ae-e2d8-4eb1-84d0-36796082e357', '4f8a1151-adc8-4fd1-81f8-08bc6082e357', '4f8a114e-eebc-4834-b21c-08bc6082e357', 6, -1, -1, ''),
('4f8af8ae-2c68-4a32-9258-36796082e357', '4f8a1151-adc8-4fd1-81f8-08bc6082e357', '4f8a1003-31e4-46d4-b845-08bd6082e357', 0, -1, -1, ''),
('4f8af8ae-13ec-4fbf-b24f-36796082e357', '4f8a1151-adc8-4fd1-81f8-08bc6082e357', '4f8a1003-2c84-4ec1-b993-08bd6082e357', -2, -1, -1, ''),
('4f8af8ae-208c-476a-b9e3-36796082e357', '4f8a1151-adc8-4fd1-81f8-08bc6082e357', '4f8a1003-3fb4-47bb-a888-08bd6082e357', 2, -1, -1, ''),
('4f8af8af-445c-4d7a-adad-36796082e357', '4f8a1151-adc8-4fd1-81f8-08bc6082e357', '4f8a114e-64b0-4a4e-ab51-08bc6082e357', 1, -1, -1, ''),
('4f8af8af-ad2c-46e4-88e8-36796082e357', '4f8a1151-adc8-4fd1-81f8-08bc6082e357', '4f8a114e-c0ec-464d-8c24-08bc6082e357', 7, -1, -1, ''),
('4f8af8af-ee24-4c5c-b82d-36796082e357', '4f8a1151-adc8-4fd1-81f8-08bc6082e357', '4f8a1004-8a44-4c0d-af95-08bd6082e357', 4, -1, -1, ''),
('4f8af8af-58e0-4e8f-bb4c-0b5f6082e357', '4f8a1151-adc8-4fd1-81f8-08bc6082e357', '4f8a114e-5ae4-4f39-96c6-08bc6082e357', 5, -1, -1, ''),
('4f8af8af-f064-4566-98a4-0b5f6082e357', '4f8a1151-adc8-4fd1-81f8-08bc6082e357', '4f8a114e-cd30-4cf0-b065-08bc6082e357', 0, -1, -1, ''),
('4f8af8af-5a58-496b-96ff-0b5f6082e357', '4f8a1151-adc8-4fd1-81f8-08bc6082e357', '4f8a114d-3c9c-4978-b057-08bc6082e357', 5, -1, -1, ''),
('4f8af8af-3a0c-468b-aaec-0b5f6082e357', '4f8a1151-adc8-4fd1-81f8-08bc6082e357', '4f8a114d-5c34-406e-9e70-08bc6082e357', 2, -1, -1, ''),
('4f8af8af-3518-4c70-86a5-0b5f6082e357', '4f8a1151-adc8-4fd1-81f8-08bc6082e357', '4f8a1002-61c4-4ad1-9513-08bd6082e357', 1, -1, -1, ''),
('4f8af8af-fae0-418d-9a16-0b5f6082e357', '4f8a1151-adc8-4fd1-81f8-08bc6082e357', '4f8a1002-5d2c-4d60-804e-08bd6082e357', 2, -1, -1, ''),
('4f8af8af-b748-4587-95e6-0b5f6082e357', '4f8a1151-adc8-4fd1-81f8-08bc6082e357', '4f8a1002-b328-418b-95ed-08bd6082e357', 2, -1, -1, ''),
('4f8af8af-ae6c-4f92-ae72-0b5f6082e357', '4f8a1151-adc8-4fd1-81f8-08bc6082e357', '4f8a1002-64c0-4e96-a80c-08bd6082e357', 0, -1, -1, ''),
('4f8af8af-7840-4217-b7c0-0b5f6082e357', '4f8a1151-adc8-4fd1-81f8-08bc6082e357', '4f8a1002-1ff0-4a95-ac12-08bd6082e357', 2, -1, -1, ''),
('4f8af8af-369c-4ae5-8bf4-0b5f6082e357', '4f8a1151-adc8-4fd1-81f8-08bc6082e357', '4f8a1002-c2dc-4542-911a-08bd6082e357', 0, -1, -1, ''),
('4f8af8af-c870-4062-a146-0b5f6082e357', '4f8a1151-adc8-4fd1-81f8-08bc6082e357', '4f8a1003-272c-4228-8cf0-08bd6082e357', 3, -1, -1, ''),
('4f8af8af-196c-4958-9d24-0b5f6082e357', '4f8a1151-adc8-4fd1-81f8-08bc6082e357', '4f8a1003-0b5c-4abd-9988-08bd6082e357', 2, -1, -1, ''),
('4f8b04f8-51e8-4fab-8e49-3f226082e357', '4f8b04f7-97c8-4153-8341-3f226082e357', '4f8b04f5-8b08-41c0-93df-3f226082e357', 3, 10, 0, ''),
('4f8b04f8-1144-42d9-97d4-3f226082e357', '4f8b04f7-97c8-4153-8341-3f226082e357', '4f8a1001-9414-4b28-a345-08bd6082e357', 3, 10, 8, 'BE-1'),
('4f8b04f8-0394-48fc-a662-3f226082e357', '4f8b04f7-97c8-4153-8341-3f226082e357', '4f8a1002-60a4-4352-b3a6-08bd6082e357', 13, 17, 11, 'BE-4'),
('4f8b04f8-45d4-4e56-8d0a-3f226082e357', '4f8b04f7-97c8-4153-8341-3f226082e357', '4f8a1003-bbb0-417d-83cc-08bd6082e357', 7, 12, 10, 'BE'),
('4f8b04f8-0a68-4af0-9bf1-3f226082e357', '4f8b04f7-97c8-4153-8341-3f226082e357', '4f8a1003-3ef8-463c-a061-08bd6082e357', 3, 10, 8, 'BE'),
('4f8b04f8-40e8-4707-a899-3f226082e357', '4f8b04f7-97c8-4153-8341-3f226082e357', '4f8b04f5-7e0c-43f3-8427-3f226082e357', 3, 10, 8, 'BE-2'),
('4f8b04f9-81e0-4edf-b1c4-3f226082e357', '4f8b04f7-97c8-4153-8341-3f226082e357', '4f8a1004-69b8-4f25-89bf-08bd6082e357', 0, 8, 7, 'BE-2'),
('4f8b04f9-cf7c-4c88-8b7c-3f226082e357', '4f8b04f7-97c8-4153-8341-3f226082e357', '4f8b04f6-b2e0-4c90-88a5-3f226082e357', 10, 17, 0, 'BE-2'),
('4f8b04f9-0288-46bc-8d3a-3f226082e357', '4f8b04f7-97c8-4153-8341-3f226082e357', '4f8a1004-e2e8-4ec1-a082-08bd6082e357', 0, 7, 0, 'BE-3'),
('4f8b04f9-16d4-4544-bdcc-3f226082e357', '4f8b04f7-97c8-4153-8341-3f226082e357', '4f8b04f6-7b5c-43b5-b562-3f226082e357', 8, 14, 9, 'BE-3'),
('4f8b04f9-497c-469c-8ba2-3f226082e357', '4f8b04f7-97c8-4153-8341-3f226082e357', '4f8a1001-e9e8-41f4-aae2-08bd6082e357', 7, -1, -1, 'BEx2'),
('4f8b04f9-ce90-401b-b97f-3f226082e357', '4f8b04f7-97c8-4153-8341-3f226082e357', '4f8a1002-81f4-4b2f-9072-08bd6082e357', 4, -1, -1, 'BEx2'),
('4f8b04f9-6bb8-42e7-b70b-3f226082e357', '4f8b04f7-97c8-4153-8341-3f226082e357', '4f8a1002-c6a4-484b-b53c-08bd6082e357', 3, -1, -1, 'BEx2'),
('4f8b04f9-7158-438a-8983-3f226082e357', '4f8b04f7-97c8-4153-8341-3f226082e357', '4f8b04f5-c2e4-4ee8-a376-3f226082e357', 2, -1, -1, 'BE-2'),
('4f8b04f9-0a10-470e-af28-3f226082e357', '4f8b04f7-97c8-4153-8341-3f226082e357', '4f8a1003-c5c8-48f7-9571-08bd6082e357', 0, -1, -1, 'BE'),
('4f8b04f9-e594-4ce2-b5c6-3f226082e357', '4f8b04f7-97c8-4153-8341-3f226082e357', '4f8a1003-f6dc-45a6-b613-08bd6082e357', 5, -1, -1, 'BEx2'),
('4f8b04f9-e228-4a99-bfd3-3f226082e357', '4f8b04f7-97c8-4153-8341-3f226082e357', '4f8a1003-9a54-4843-80a6-08bd6082e357', 2, -1, -1, ''),
('4f8b04f9-b44c-463b-9089-3f226082e357', '4f8b04f7-97c8-4153-8341-3f226082e357', '4f8a1004-1c34-40c9-8601-08bd6082e357', 0, -1, -1, 'BE-2'),
('4f8b04f9-4084-4ead-b3aa-3f226082e357', '4f8b04f7-97c8-4153-8341-3f226082e357', '4f8a1004-f410-4fa9-8482-08bd6082e357', 0, -1, -1, 'BE-3'),
('4f8b04f9-2778-43a4-9144-3f226082e357', '4f8b04f7-97c8-4153-8341-3f226082e357', '4f8a1004-7574-420c-8ca5-08bd6082e357', 3, -1, -1, '0->BE'),
('4f8b04f9-3178-415f-b83f-3f226082e357', '4f8b04f7-97c8-4153-8341-3f226082e357', '4f8a1004-8bcc-4ea8-890e-08bd6082e357', 0, -1, -1, 'BEx2'),
('4f8b04f9-0978-4180-abfe-3f226082e357', '4f8b04f7-97c8-4153-8341-3f226082e357', '4f8a1004-ef80-41f0-9dff-08bd6082e357', 7, -1, -1, ''),
('4f8b04f9-a7a8-4587-b24b-3f226082e357', '4f8b04f7-97c8-4153-8341-3f226082e357', '4f8a1001-a790-4908-8550-08bd6082e357', 1, -1, -1, ''),
('4f8b04f9-0c6c-4dce-937f-3f226082e357', '4f8b04f7-97c8-4153-8341-3f226082e357', '4f8a1003-d8d0-46e4-b5a0-08bd6082e357', 0, -1, -1, ''),
('4f8b04fa-6d40-4797-98f5-3f226082e357', '4f8b04f7-97c8-4153-8341-3f226082e357', '4f8a1004-ba78-4c74-937a-08bd6082e357', 0, -1, -1, ''),
('4f8b04fa-786c-4776-8141-3f226082e357', '4f8b04f7-97c8-4153-8341-3f226082e357', '4f8a1001-da80-4314-930e-08bd6082e357', 4, -1, -1, '-/BE'),
('4f8b04fa-be94-474d-97fa-3f226082e357', '4f8b04f7-97c8-4153-8341-3f226082e357', '4f8a1001-a9a0-46e7-bb20-08bd6082e357', 3, -1, -1, ''),
('4f8b04fa-9864-465a-8acd-3f226082e357', '4f8b04f7-97c8-4153-8341-3f226082e357', '4f8a1002-9670-4b7e-89ca-08bd6082e357', 0, -1, -1, ''),
('4f8b04fa-f878-4167-83dc-3f226082e357', '4f8b04f7-97c8-4153-8341-3f226082e357', '4f8a1003-70d8-4bbc-80a2-08bd6082e357', 4, -1, -1, ''),
('4f8b04fa-fd00-4861-a386-3f226082e357', '4f8b04f7-97c8-4153-8341-3f226082e357', '4f8b04f6-afd8-4d8d-8d36-3f226082e357', 1, -1, -1, 'BE'),
('4f8b04fa-4a54-4af0-b653-3f226082e357', '4f8b04f7-97c8-4153-8341-3f226082e357', '4f8a114e-e3a4-44a8-81cf-08bc6082e357', 1, -1, -1, ''),
('4f8b04fa-d948-4bae-9cd0-3f226082e357', '4f8b04f7-97c8-4153-8341-3f226082e357', '4f8a1004-61e8-4087-9c5c-08bd6082e357', 0, -1, -1, ''),
('4f8b04fa-63f0-4572-bc2d-3f226082e357', '4f8b04f7-97c8-4153-8341-3f226082e357', '4f8a1002-32cc-4453-9cda-08bd6082e357', 3, -1, -1, ''),
('4f8b04fa-a0b4-4d05-9917-3f226082e357', '4f8b04f7-97c8-4153-8341-3f226082e357', '4f8b04f5-d980-4a6e-8beb-3f226082e357', 3, -1, -1, ''),
('4f8b04fa-cba8-448d-a618-3f226082e357', '4f8b04f7-97c8-4153-8341-3f226082e357', '4f8a1003-31e4-46d4-b845-08bd6082e357', 2, -1, -1, ''),
('4f8b04fa-d9b4-4d10-8aa2-3f226082e357', '4f8b04f7-97c8-4153-8341-3f226082e357', '4f8a1003-2c84-4ec1-b993-08bd6082e357', 2, -1, -1, ''),
('4f8b04fa-d2a8-4c74-bfcd-3f226082e357', '4f8b04f7-97c8-4153-8341-3f226082e357', '4f8a1003-3fb4-47bb-a888-08bd6082e357', 8, -1, -1, ''),
('4f8b04fa-dd30-4611-b6cb-3f226082e357', '4f8b04f7-97c8-4153-8341-3f226082e357', '4f8a114e-64b0-4a4e-ab51-08bc6082e357', 2, -1, -1, ''),
('4f8b04fa-9b04-4724-95b2-3f226082e357', '4f8b04f7-97c8-4153-8341-3f226082e357', '4f8a1004-8a44-4c0d-af95-08bd6082e357', 5, -1, -1, ''),
('4f8b04fa-f730-423d-8ab9-3f226082e357', '4f8b04f7-97c8-4153-8341-3f226082e357', '4f8b04f6-0a6c-48ba-9749-3f226082e357', 7, -1, -1, ''),
('4f8b04fa-e8b8-4a1b-9133-3f226082e357', '4f8b04f7-97c8-4153-8341-3f226082e357', '4f8b04f5-2880-4427-806a-3f226082e357', 2, -1, -1, ''),
('4f8b04fb-aa34-4aed-84c5-3f226082e357', '4f8b04f7-97c8-4153-8341-3f226082e357', '4f8a114d-5c34-406e-9e70-08bc6082e357', 5, -1, -1, ''),
('4f8b04fb-f9e0-454a-996a-3f226082e357', '4f8b04f7-97c8-4153-8341-3f226082e357', '4f8a1002-5d2c-4d60-804e-08bd6082e357', 3, -1, -1, ''),
('4f8b04fb-4734-40d5-8601-3f226082e357', '4f8b04f7-97c8-4153-8341-3f226082e357', '4f8a1002-b328-418b-95ed-08bd6082e357', 2, -1, -1, ''),
('4f8b04fb-340c-4de3-83cf-3f226082e357', '4f8b04f7-97c8-4153-8341-3f226082e357', '4f8a1002-64c0-4e96-a80c-08bd6082e357', 0, -1, -1, ''),
('4f8b04fb-391c-4e8f-9551-3f226082e357', '4f8b04f7-97c8-4153-8341-3f226082e357', '4f8a1002-1ff0-4a95-ac12-08bd6082e357', 2, -1, -1, ''),
('4f8b04fb-559c-4c9d-89d9-3f226082e357', '4f8b04f7-97c8-4153-8341-3f226082e357', '4f8a1002-c2dc-4542-911a-08bd6082e357', 0, -1, -1, ''),
('4f8b04fb-aa48-4780-a488-3f236082e357', '4f8b04f7-97c8-4153-8341-3f226082e357', '4f8b04f5-ed90-4d23-98b1-3f226082e357', 1, -1, -1, ''),
('4f8b04fb-4490-45de-b992-3f236082e357', '4f8b04f7-97c8-4153-8341-3f226082e357', '4f8a1003-0b5c-4abd-9988-08bd6082e357', 0, -1, -1, ''),
('4f8b04fb-3894-47ec-9c67-3f236082e357', '4f8b04f7-97c8-4153-8341-3f226082e357', '4f8b04f6-118c-4e13-bb77-3f226082e357', 4, -1, -1, '');

-- --------------------------------------------------------

--
-- Tabellenstruktur für Tabelle `helden_vorteile`
--

CREATE TABLE IF NOT EXISTS `helden_vorteile` (
  `id` varchar(36) NOT NULL,
  `held_id` varchar(36) NOT NULL,
  `vorteil_id` varchar(36) NOT NULL,
  `wert` int(11) NOT NULL,
  PRIMARY KEY (`id`)
) ENGINE=MyISAM DEFAULT CHARSET=utf8;

--
-- Daten für Tabelle `helden_vorteile`
--

INSERT INTO `helden_vorteile` (`id`, `held_id`, `vorteil_id`, `wert`) VALUES
('4f8a1009-5b4c-48ba-a677-08bb6082e357', '4f8a1005-3b68-4169-801f-08bd6082e357', '4f8a1004-a500-4c8f-9272-08bd6082e357', 0),
('4f8a100a-5cfc-41a7-81e2-08bb6082e357', '4f8a1005-3b68-4169-801f-08bd6082e357', '4f8a1004-586c-4ea0-995c-08bd6082e357', 5),
('4f8a100a-b734-489b-9ce0-08bb6082e357', '4f8a1005-3b68-4169-801f-08bd6082e357', '4f8a1004-37fc-4cc3-8531-08bd6082e357', 5),
('4f8af8af-c6d4-4561-a830-0b5f6082e357', '4f8a1151-adc8-4fd1-81f8-08bc6082e357', '4f8a114e-2ddc-40b2-9b7d-08bc6082e357', 0),
('4f8af8b0-07b0-4abf-9ac0-0b5f6082e357', '4f8a1151-adc8-4fd1-81f8-08bc6082e357', '4f8a114e-0708-4152-8996-08bc6082e357', 2),
('4f8af8b0-1ab4-4b97-a9ae-0b5f6082e357', '4f8a1151-adc8-4fd1-81f8-08bc6082e357', '4f8a114e-88f4-4583-888d-08bc6082e357', 0),
('4f8af8b0-fed8-45b4-b19f-0b5f6082e357', '4f8a1151-adc8-4fd1-81f8-08bc6082e357', '4f8a114e-0c70-4a94-8ef7-08bc6082e357', 0),
('4f8af8b0-e234-4acd-b13e-0b5f6082e357', '4f8a1151-adc8-4fd1-81f8-08bc6082e357', '4f8a114e-7430-45c0-9ac5-08bc6082e357', 0),
('4f8af8b0-b140-469c-aaef-0b5f6082e357', '4f8a1151-adc8-4fd1-81f8-08bc6082e357', '4f8a114e-acec-40f0-a82c-08bc6082e357', 0),
('4f8af8b0-2970-4ee2-a6cf-0b5f6082e357', '4f8a1151-adc8-4fd1-81f8-08bc6082e357', '4f8a114e-7eec-452f-a546-08bc6082e357', 0),
('4f8af8b0-6e90-4079-9c30-0b5f6082e357', '4f8a1151-adc8-4fd1-81f8-08bc6082e357', '4f8a114e-96fc-4cec-95db-08bc6082e357', 0),
('4f8af8b0-96ac-4890-9c1a-0b5f6082e357', '4f8a1151-adc8-4fd1-81f8-08bc6082e357', '4f8a114f-3ef0-4d39-a167-08bc6082e357', 0),
('4f8af8b0-bec8-43ae-b03e-0b5f6082e357', '4f8a1151-adc8-4fd1-81f8-08bc6082e357', '4f8a114f-8004-400c-85ba-08bc6082e357', 0),
('4f8af8b0-abe8-4c98-b7ec-0b5f6082e357', '4f8a1151-adc8-4fd1-81f8-08bc6082e357', '4f8a114f-a87c-4e83-a1e9-08bc6082e357', 5),
('4f8af8b0-a8a8-472c-b148-0b5f6082e357', '4f8a1151-adc8-4fd1-81f8-08bc6082e357', '4f8a114f-af5c-4768-8ad3-08bc6082e357', 4),
('4f8af8b0-610c-4904-bba7-0b5f6082e357', '4f8a1151-adc8-4fd1-81f8-08bc6082e357', '4f8a114f-527c-4742-ab5b-08bc6082e357', 5),
('4f8af8b0-67ac-4b55-815e-0b5f6082e357', '4f8a1151-adc8-4fd1-81f8-08bc6082e357', '4f8a114f-4764-49a4-a77c-08bc6082e357', 0),
('4f8af8b0-35f0-486c-86a2-0b5f6082e357', '4f8a1151-adc8-4fd1-81f8-08bc6082e357', '4f8a1004-37fc-4cc3-8531-08bd6082e357', 5),
('4f8af8b0-b208-48a4-be39-0b5f6082e357', '4f8a1151-adc8-4fd1-81f8-08bc6082e357', '4f8a114f-e700-4b5e-ae2d-08bc6082e357', 0),
('4f8af8b0-ea28-4ec5-91df-0b5f6082e357', '4f8a1151-adc8-4fd1-81f8-08bc6082e357', '4f8a114f-1124-4072-90d4-08bc6082e357', 6),
('4f8af8b0-ca64-4495-9a57-0b5f6082e357', '4f8a1151-adc8-4fd1-81f8-08bc6082e357', '4f8a114f-4cc0-4482-afb6-08bc6082e357', 0),
('4f8af8b1-f628-493a-abe2-0b5f6082e357', '4f8a1151-adc8-4fd1-81f8-08bc6082e357', '4f8a114f-7024-4718-ae5f-08bc6082e357', 6),
('4f8af8b1-d0ec-4ee6-9e11-0b5f6082e357', '4f8a1151-adc8-4fd1-81f8-08bc6082e357', '4f8a114f-64a8-43c3-9685-08bc6082e357', 12),
('4f8b04fb-72f4-49d7-b7da-3f236082e357', '4f8b04f7-97c8-4153-8341-3f226082e357', '4f8b04f6-b540-4c9e-a1cb-3f226082e357', 0),
('4f8b04fb-d544-4538-bd40-3f236082e357', '4f8b04f7-97c8-4153-8341-3f226082e357', '4f8b04f6-3c1c-43fe-9dfb-3f226082e357', 5),
('4f8b04fb-4d98-42c1-b851-3f236082e357', '4f8b04f7-97c8-4153-8341-3f226082e357', '4f8b04f6-7900-4380-ac37-3f226082e357', 5),
('4f8b04fb-f2b4-4eeb-a057-3f236082e357', '4f8b04f7-97c8-4153-8341-3f226082e357', '4f8b04f6-0dd0-40bc-8046-3f226082e357', 7),
('4f8b04fb-5c30-4340-a269-3f236082e357', '4f8b04f7-97c8-4153-8341-3f226082e357', '4f8b04f6-afe8-45de-af53-3f226082e357', 10),
('4f8b04fb-e8d4-44f1-abdd-3f236082e357', '4f8b04f7-97c8-4153-8341-3f226082e357', '4f8b04f6-88b0-465f-a933-3f226082e357', 8),
('4f8b04fb-64ac-4a70-ac32-3f236082e357', '4f8b04f7-97c8-4153-8341-3f226082e357', '4f8a114f-7024-4718-ae5f-08bc6082e357', 6);

-- --------------------------------------------------------

--
-- Tabellenstruktur für Tabelle `helden_zauber`
--

CREATE TABLE IF NOT EXISTS `helden_zauber` (
  `id` varchar(36) NOT NULL,
  `held_id` varchar(36) NOT NULL,
  `zauber_id` varchar(36) NOT NULL,
  `zauberfertigkeitswert` int(11) NOT NULL,
  PRIMARY KEY (`id`)
) ENGINE=MyISAM DEFAULT CHARSET=utf8;

--
-- Daten für Tabelle `helden_zauber`
--

INSERT INTO `helden_zauber` (`id`, `held_id`, `zauber_id`, `zauberfertigkeitswert`) VALUES
('4f8af90a-8554-4366-853d-0b616082e357', '4f8a1151-adc8-4fd1-81f8-08bc6082e357', '4f8af903-6970-440d-805a-0e8c6082e357', 0),
('4f8af90a-7bd4-46a9-a280-0b616082e357', '4f8a1151-adc8-4fd1-81f8-08bc6082e357', '4f8af903-24c0-4fce-95de-0e8c6082e357', 0),
('4f8af90b-8e98-4cc7-b764-0b616082e357', '4f8a1151-adc8-4fd1-81f8-08bc6082e357', '4f8af903-c4f8-4062-8ef6-0e8c6082e357', 0),
('4f8af90b-5638-48c8-a65b-0b616082e357', '4f8a1151-adc8-4fd1-81f8-08bc6082e357', '4f8af903-8ed8-46e2-8069-0e8c6082e357', 0),
('4f8af90b-89a8-4bfb-83d8-0b616082e357', '4f8a1151-adc8-4fd1-81f8-08bc6082e357', '4f8af903-3a64-481c-92d5-0e8c6082e357', 0),
('4f8af90b-cd80-450d-9dd8-0b616082e357', '4f8a1151-adc8-4fd1-81f8-08bc6082e357', '4f8af903-ac20-452e-948a-0e8c6082e357', 0),
('4f8af90b-cd60-4bd4-9ecb-0b616082e357', '4f8a1151-adc8-4fd1-81f8-08bc6082e357', '4f8af903-1864-48b4-92f5-0e8c6082e357', 0),
('4f8af90b-d5d8-4cfa-ade2-0b616082e357', '4f8a1151-adc8-4fd1-81f8-08bc6082e357', '4f8af903-c7d0-425d-8532-0e8c6082e357', 0),
('4f8af90b-6bdc-49bb-9fb4-0b616082e357', '4f8a1151-adc8-4fd1-81f8-08bc6082e357', '4f8af903-58a8-4d13-948c-0e8c6082e357', 0),
('4f8af90b-98a8-4fd7-927f-0b616082e357', '4f8a1151-adc8-4fd1-81f8-08bc6082e357', '4f8af903-c110-4687-b792-0e8c6082e357', 0),
('4f8af90b-5684-485c-877a-0b616082e357', '4f8a1151-adc8-4fd1-81f8-08bc6082e357', '4f8af904-c9a8-44c1-b089-0e8c6082e357', 0),
('4f8af90b-1460-4b16-a725-0b616082e357', '4f8a1151-adc8-4fd1-81f8-08bc6082e357', '4f8af904-2778-441f-9a82-0e8c6082e357', 0),
('4f8af90b-8074-42ee-b10b-0b616082e357', '4f8a1151-adc8-4fd1-81f8-08bc6082e357', '4f8af904-b874-4fec-8b18-0e8c6082e357', 0),
('4f8af90b-24ec-4dd1-a486-0b616082e357', '4f8a1151-adc8-4fd1-81f8-08bc6082e357', '4f8af904-607c-445e-b784-0e8c6082e357', 0),
('4f8af90b-585c-425c-a9c7-0b616082e357', '4f8a1151-adc8-4fd1-81f8-08bc6082e357', '4f8af904-4aec-42d0-b064-0e8c6082e357', 0),
('4f8af90b-457c-41be-8a05-0b616082e357', '4f8a1151-adc8-4fd1-81f8-08bc6082e357', '4f8af904-d4bc-48f5-a577-0e8c6082e357', 0),
('4f8af90b-7630-4d61-82f8-0b616082e357', '4f8a1151-adc8-4fd1-81f8-08bc6082e357', '4f8af904-904c-4053-b39f-0e8c6082e357', 0),
('4f8af90b-be54-4931-af85-0b616082e357', '4f8a1151-adc8-4fd1-81f8-08bc6082e357', '4f8af904-a128-409a-8e54-0e8c6082e357', 0),
('4f8af90b-5e1c-4390-a373-0b616082e357', '4f8a1151-adc8-4fd1-81f8-08bc6082e357', '4f8af904-6104-4390-ac22-0e8c6082e357', 0),
('4f8af90c-5b64-409e-b020-0b616082e357', '4f8a1151-adc8-4fd1-81f8-08bc6082e357', '4f8af904-077c-4b51-902c-0e8c6082e357', 0),
('4f8af90c-f6e0-47f0-b3fa-0b616082e357', '4f8a1151-adc8-4fd1-81f8-08bc6082e357', '4f8af904-4990-4946-ae25-0e8c6082e357', 0),
('4f8af9d2-f440-4b1c-abc3-0b5a6082e357', '4f8a1151-adc8-4fd1-81f8-08bc6082e357', '4f8af9be-8534-4a23-aa4e-0b606082e357', 0),
('4f8af9d2-46f0-4d31-bb62-0b5a6082e357', '4f8a1151-adc8-4fd1-81f8-08bc6082e357', '4f8af9c6-9288-4375-9683-0b606082e357', 0),
('4f8af9d2-308c-435e-af59-0b5a6082e357', '4f8a1151-adc8-4fd1-81f8-08bc6082e357', '4f8af9c7-d4a8-41be-bf67-0b606082e357', 0),
('4f8af9d2-f638-493e-a54c-0b5a6082e357', '4f8a1151-adc8-4fd1-81f8-08bc6082e357', '4f8af9c8-ae8c-4c24-bfde-0b606082e357', 0),
('4f8af9d2-d994-4e4b-b6dd-0b5a6082e357', '4f8a1151-adc8-4fd1-81f8-08bc6082e357', '4f8af9c8-4874-4cc0-8bb7-0b606082e357', 0),
('4f8af9d2-bc8c-4cd4-b138-0b5a6082e357', '4f8a1151-adc8-4fd1-81f8-08bc6082e357', '4f8af9cb-a768-4e40-bea5-0b606082e357', 0),
('4f8af9d2-df30-40c3-93be-0b5a6082e357', '4f8a1151-adc8-4fd1-81f8-08bc6082e357', '4f8af9cb-2ce4-4d9e-8a12-0b606082e357', 0),
('4f8af9d2-1920-4ee6-94a7-0b5a6082e357', '4f8a1151-adc8-4fd1-81f8-08bc6082e357', '4f8af9cb-a964-45c6-8ae5-0b606082e357', 0),
('4f8af9d2-f704-4e51-a51f-0b5a6082e357', '4f8a1151-adc8-4fd1-81f8-08bc6082e357', '4f8af9cb-cf34-4d47-89b0-0b606082e357', 0),
('4f8af9d3-0bd8-467b-a21e-0b5a6082e357', '4f8a1151-adc8-4fd1-81f8-08bc6082e357', '4f8af9cb-34f0-4730-8180-0b606082e357', 0),
('4f8af9d3-430c-4536-8f3f-0b5a6082e357', '4f8a1151-adc8-4fd1-81f8-08bc6082e357', '4f8af9cb-94d0-472c-8432-0b606082e357', 0),
('4f8af9d3-3540-4523-be2d-0b5a6082e357', '4f8a1151-adc8-4fd1-81f8-08bc6082e357', '4f8af9cb-a62c-44bd-ab48-0b606082e357', 0),
('4f8af9d3-3a34-4375-90e9-0b5a6082e357', '4f8a1151-adc8-4fd1-81f8-08bc6082e357', '4f8af9cb-6a04-4ec1-81d1-0b606082e357', 0),
('4f8af9d3-18e0-4558-8297-0b5a6082e357', '4f8a1151-adc8-4fd1-81f8-08bc6082e357', '4f8af9cb-1cf4-4c51-a95b-0b606082e357', 0),
('4f8af9d3-cfd0-461d-8430-0b5a6082e357', '4f8a1151-adc8-4fd1-81f8-08bc6082e357', '4f8af9cb-8338-4042-8ae6-0b606082e357', 0),
('4f8af9d3-6c54-478e-9efb-0b5a6082e357', '4f8a1151-adc8-4fd1-81f8-08bc6082e357', '4f8af9cb-df30-47ff-b363-0b606082e357', 0),
('4f8af9d3-82dc-4a9c-948d-0b5a6082e357', '4f8a1151-adc8-4fd1-81f8-08bc6082e357', '4f8af9cb-59bc-4a56-a836-0b606082e357', 0),
('4f8af9d3-f0b0-4fe5-bf25-0b5a6082e357', '4f8a1151-adc8-4fd1-81f8-08bc6082e357', '4f8af9cb-a164-4f7c-a06b-0b606082e357', 0),
('4f8af9d3-8ed8-4c26-a9fc-0b5a6082e357', '4f8a1151-adc8-4fd1-81f8-08bc6082e357', '4f8af9cb-a6d4-4b67-a90d-0b606082e357', 0),
('4f8af9d3-3c4c-4eee-aa7e-0b5a6082e357', '4f8a1151-adc8-4fd1-81f8-08bc6082e357', '4f8af9cc-4c60-4464-acc5-0b606082e357', 0),
('4f8af9d3-9948-494e-a500-0b5a6082e357', '4f8a1151-adc8-4fd1-81f8-08bc6082e357', '4f8af9cc-1d6c-4ed5-95e7-0b606082e357', 0);

-- --------------------------------------------------------

--
-- Tabellenstruktur für Tabelle `kampf`
--

CREATE TABLE IF NOT EXISTS `kampf` (
  `id` varchar(36) NOT NULL,
  `held_id` varchar(36) NOT NULL,
  `ausweichen` int(11) NOT NULL,
  `raufen_attacke` int(11) NOT NULL,
  `raufen_parade` int(11) NOT NULL,
  `raufen_trefferpunkte` varchar(10) NOT NULL,
  `ringen_attacke` int(11) NOT NULL,
  `ringen_parade` int(11) NOT NULL,
  `ringen_trefferpunkte` varchar(10) NOT NULL,
  PRIMARY KEY (`id`)
) ENGINE=MyISAM DEFAULT CHARSET=utf8;

--
-- Daten für Tabelle `kampf`
--

INSERT INTO `kampf` (`id`, `held_id`, `ausweichen`, `raufen_attacke`, `raufen_parade`, `raufen_trefferpunkte`, `ringen_attacke`, `ringen_parade`, `ringen_trefferpunkte`) VALUES
('4f8b349c-1c7c-4117-808b-0b5a6082e357', '4f8a1005-3b68-4169-801f-08bd6082e357', 8, 8, 8, '1W+0', 8, 8, '1W+0');

-- --------------------------------------------------------

--
-- Tabellenstruktur für Tabelle `nahkampfwaffen`
--

CREATE TABLE IF NOT EXISTS `nahkampfwaffen` (
  `id` varchar(36) NOT NULL,
  `held_id` varchar(36) NOT NULL,
  `name` text NOT NULL,
  `attacke` int(11) NOT NULL,
  `parade` int(11) NOT NULL,
  `trefferpunkte` varchar(10) NOT NULL,
  `trefferpunkte_final` varchar(10) NOT NULL,
  `talent_id` varchar(36) NOT NULL,
  `koerperkraftzuschlag` varchar(10) NOT NULL,
  `bruchfaktor_minimal` int(11) NOT NULL,
  `bruchfaktor_aktuell` int(11) NOT NULL,
  `inimodifikator` int(11) NOT NULL,
  `distanzklasse` text NOT NULL,
  `ausdauerschaden` tinyint(1) NOT NULL,
  `waffenmodifikator_attacke` int(11) NOT NULL,
  `waffenmodifikator_parade` int(11) NOT NULL,
  PRIMARY KEY (`id`)
) ENGINE=MyISAM DEFAULT CHARSET=utf8;

--
-- Daten für Tabelle `nahkampfwaffen`
--

INSERT INTO `nahkampfwaffen` (`id`, `held_id`, `name`, `attacke`, `parade`, `trefferpunkte`, `trefferpunkte_final`, `talent_id`, `koerperkraftzuschlag`, `bruchfaktor_minimal`, `bruchfaktor_aktuell`, `inimodifikator`, `distanzklasse`, `ausdauerschaden`, `waffenmodifikator_attacke`, `waffenmodifikator_parade`) VALUES
('4f8b1f2a-7930-4f22-81c0-0b606082e357', '4f8a1005-3b68-4169-801f-08bd6082e357', 'Dolch', 11, 10, '1w6+1', '', '4f8a1001-9414-4b28-a345-08bd6082e357', '12/5', 2, 2, 0, 'Handgemenge', 0, 0, -1),
('4f8b2a4c-ce34-4bfa-a590-422b6082e357', '4f8b04f7-97c8-4153-8341-3f226082e357', 'Barbarenstreitaxt', 12, 4, '3w6+2', '', '4f8b04f6-7b5c-43b5-b562-3f226082e357', '15/1', 3, 3, -2, 'Nah', 0, -1, -4),
('4f8b2a4c-d1ec-4035-9620-422b6082e357', '4f8b04f7-97c8-4153-8341-3f226082e357', 'Dolch', 10, 7, '1w6+1', '', '4f8a1001-9414-4b28-a345-08bd6082e357', '12/5', 2, 2, 0, 'Handgemenge', 0, 0, -1),
('4f8b2a4c-b1b4-49d1-9b9e-422b6082e357', '4f8b04f7-97c8-4153-8341-3f226082e357', 'Skraja', 17, 11, '1w6+3', '', '4f8a1002-60a4-4352-b3a6-08bd6082e357', '11/3', 4, 4, 0, 'Nah', 0, 0, 0);

-- --------------------------------------------------------

--
-- Tabellenstruktur für Tabelle `ruestungen`
--

CREATE TABLE IF NOT EXISTS `ruestungen` (
  `id` varchar(36) NOT NULL,
  `held_id` varchar(36) NOT NULL,
  `name` text NOT NULL,
  `gesamt` tinyint(1) NOT NULL,
  `zeug` tinyint(1) NOT NULL,
  `anzahl_teile` int(11) NOT NULL,
  `behinderung_gesamt` int(11) NOT NULL,
  `schutz_gesamt` int(11) NOT NULL,
  `schutz_gesamt_zonen` int(11) NOT NULL,
  `schutz_bauch` int(11) NOT NULL,
  `schutz_brust` int(11) NOT NULL,
  `schutz_kopf` int(11) NOT NULL,
  `schutz_ruecken` int(11) NOT NULL,
  `schutz_arm_links` int(11) NOT NULL,
  `schutz_arm_rechts` int(11) NOT NULL,
  `schutz_bein_links` int(11) NOT NULL,
  `schutz_bein_rechts` int(11) NOT NULL,
  PRIMARY KEY (`id`)
) ENGINE=MyISAM DEFAULT CHARSET=utf8;

--
-- Daten für Tabelle `ruestungen`
--

INSERT INTO `ruestungen` (`id`, `held_id`, `name`, `gesamt`, `zeug`, `anzahl_teile`, `behinderung_gesamt`, `schutz_gesamt`, `schutz_gesamt_zonen`, `schutz_bauch`, `schutz_brust`, `schutz_kopf`, `schutz_ruecken`, `schutz_arm_links`, `schutz_arm_rechts`, `schutz_bein_links`, `schutz_bein_rechts`) VALUES
('4f8b2a87-a834-430b-9925-0b606082e357', '4f8b04f7-97c8-4153-8341-3f226082e357', 'Dicke Kleidung', 0, 0, 1, 1, 1, 1, 1, 1, 0, 1, 1, 1, 1, 1),
('4f8b2a87-b9c4-40a0-90e5-0b606082e357', '4f8b04f7-97c8-4153-8341-3f226082e357', 'gesamt', 1, 0, 1, 1, 1, 1, 1, 1, 0, 1, 1, 1, 1, 1),
('4f8b345f-cdac-476c-9dd0-3f236082e357', '4f8a1005-3b68-4169-801f-08bd6082e357', 'gesamt', 1, 0, 1, 0, 0, 0, 0, 0, 0, 0, 0, 0, 0, 0);

-- --------------------------------------------------------

--
-- Tabellenstruktur für Tabelle `schilde`
--

CREATE TABLE IF NOT EXISTS `schilde` (
  `id` varchar(36) NOT NULL,
  `held_id` varchar(36) NOT NULL,
  `name` text NOT NULL,
  `art` varchar(20) NOT NULL,
  `parade` int(11) NOT NULL,
  `inimodifikator` int(11) NOT NULL,
  `waffenmodifikator_attacke` int(11) NOT NULL,
  `waffenmodifikator_parade` int(11) NOT NULL,
  `bruchfaktor_minimal` int(11) NOT NULL,
  `bruchfaktor_aktuell` int(11) NOT NULL,
  PRIMARY KEY (`id`)
) ENGINE=MyISAM DEFAULT CHARSET=utf8;

--
-- Daten für Tabelle `schilde`
--

INSERT INTO `schilde` (`id`, `held_id`, `name`, `art`, `parade`, `inimodifikator`, `waffenmodifikator_attacke`, `waffenmodifikator_parade`, `bruchfaktor_minimal`, `bruchfaktor_aktuell`) VALUES
('4f8b2a4d-4f38-429f-946e-0b5f6082e357', '4f8b04f7-97c8-4153-8341-3f226082e357', 'Thorwaler Rundschild', 'Schild', 14, -1, -2, 4, 3, 3);

-- --------------------------------------------------------

--
-- Tabellenstruktur für Tabelle `sonderfertigkeiten`
--

CREATE TABLE IF NOT EXISTS `sonderfertigkeiten` (
  `id` varchar(36) NOT NULL,
  `name` varchar(50) NOT NULL,
  `art` int(11) NOT NULL,
  `talent_id` varchar(36) DEFAULT NULL,
  `elfenlied` tinyint(1) NOT NULL,
  `fernkampf_sonderfertigkeit` tinyint(1) NOT NULL,
  `gelaendekunde` tinyint(1) NOT NULL,
  `hexenfluch` tinyint(1) NOT NULL,
  `kampf_sonderfertigkeit` tinyint(1) NOT NULL,
  `klerikal` tinyint(1) NOT NULL,
  `liturgie` tinyint(1) NOT NULL,
  `liturgiekenntnis` tinyint(1) NOT NULL,
  `magisch` tinyint(1) NOT NULL,
  `manoever` tinyint(1) NOT NULL,
  `merkmalskenntnis` tinyint(1) NOT NULL,
  `nahkampf_sonderfertigkeit` tinyint(1) NOT NULL,
  `repraesentation` tinyint(1) NOT NULL,
  `ritual` tinyint(1) NOT NULL,
  `schamanen_ritualkenntnis` tinyint(1) NOT NULL,
  `talentspezialisierung` tinyint(1) NOT NULL,
  `waffenloser_kampfstil` tinyint(1) NOT NULL,
  PRIMARY KEY (`id`)
) ENGINE=MyISAM DEFAULT CHARSET=utf8;

--
-- Daten für Tabelle `sonderfertigkeiten`
--

INSERT INTO `sonderfertigkeiten` (`id`, `name`, `art`, `talent_id`, `elfenlied`, `fernkampf_sonderfertigkeit`, `gelaendekunde`, `hexenfluch`, `kampf_sonderfertigkeit`, `klerikal`, `liturgie`, `liturgiekenntnis`, `magisch`, `manoever`, `merkmalskenntnis`, `nahkampf_sonderfertigkeit`, `repraesentation`, `ritual`, `schamanen_ritualkenntnis`, `talentspezialisierung`, `waffenloser_kampfstil`) VALUES
('4f8a1005-1138-48e0-8136-08bd6082e357', 'Kulturkunde (Horasreich)', 0, NULL, 0, 0, 0, 0, 0, 0, 0, 0, 0, 0, 0, 0, 0, 0, 0, 0, 0),
('4f8a1005-8a68-441e-9edb-08bd6082e357', 'Ortskenntnis (Örtlichkeit 1)', 0, NULL, 0, 0, 0, 0, 0, 0, 0, 0, 0, 0, 0, 0, 0, 0, 0, 0, 0),
('4f8a114f-11f8-4823-81f5-08bc6082e357', 'Elfenlied: Erinnerungsmelodie', 8, NULL, 0, 0, 0, 0, 0, 0, 0, 0, 0, 0, 0, 0, 0, 0, 0, 0, 0),
('4f8a114f-664c-4296-b95a-08bc6082e357', 'Elfenlied: Freundschaftslied', 8, NULL, 0, 0, 0, 0, 0, 0, 0, 0, 0, 0, 0, 0, 0, 0, 0, 0, 0),
('4f8a114f-6fa0-45f0-9ebb-08bc6082e357', 'Elfenlied: Windgeflüster', 8, NULL, 0, 0, 0, 0, 0, 0, 0, 0, 0, 0, 0, 0, 0, 0, 0, 0, 0),
('4f8a114f-6314-4560-9491-08bc6082e357', 'Große Meditation', 4, NULL, 0, 0, 0, 0, 0, 0, 0, 0, 0, 0, 0, 0, 0, 0, 0, 0, 0),
('4f8a114f-8fd0-4d00-9fe0-08bc6082e357', 'Kampf im Wasser', 2, NULL, 0, 0, 0, 0, 0, 0, 0, 0, 0, 0, 0, 0, 0, 0, 0, 0, 0),
('4f8a1150-96f0-47b5-8964-08bc6082e357', 'Kulturkunde (Auelfen)', 0, NULL, 0, 0, 0, 0, 0, 0, 0, 0, 0, 0, 0, 0, 0, 0, 0, 0, 0),
('4f8a1150-f5d0-4674-bb70-08bc6082e357', 'Repräsentation: Elf', 5, NULL, 0, 0, 0, 0, 0, 0, 0, 0, 0, 0, 0, 0, 0, 0, 0, 0, 0),
('4f8a1150-82a4-4e0a-ad16-08bc6082e357', 'Salasandra', 4, NULL, 0, 0, 0, 0, 0, 0, 0, 0, 0, 0, 0, 0, 0, 0, 0, 0, 0),
('4f8a1150-116c-4997-8e6b-08bc6082e357', 'Sumpfkundig', 1, NULL, 0, 0, 0, 0, 0, 0, 0, 0, 0, 0, 0, 0, 0, 0, 0, 0, 0),
('4f8a1150-6cc8-47be-bd98-08bc6082e357', 'Waldkundig', 1, NULL, 0, 0, 0, 0, 0, 0, 0, 0, 0, 0, 0, 0, 0, 0, 0, 0, 0),
('4f8b04f6-e320-4ac4-8678-3f226082e357', 'Linkhand', 2, NULL, 0, 0, 0, 0, 0, 0, 0, 0, 0, 0, 0, 0, 0, 0, 0, 0, 0),
('4f8b04f6-b04c-4c23-a6a4-3f226082e357', 'Rüstungsgewöhnung I ()', 2, NULL, 0, 0, 0, 0, 0, 0, 0, 0, 0, 0, 0, 0, 0, 0, 0, 0, 0),
('4f8b04f6-3214-43b6-a3e9-3f226082e357', 'Schildkampf I', 2, NULL, 0, 0, 0, 0, 0, 0, 0, 0, 0, 0, 0, 0, 0, 0, 0, 0, 0);

-- --------------------------------------------------------

--
-- Tabellenstruktur für Tabelle `talentarten`
--

CREATE TABLE IF NOT EXISTS `talentarten` (
  `id` varchar(36) NOT NULL,
  `name` varchar(30) NOT NULL,
  PRIMARY KEY (`id`)
) ENGINE=MyISAM DEFAULT CHARSET=utf8;

--
-- Daten für Tabelle `talentarten`
--

INSERT INTO `talentarten` (`id`, `name`) VALUES
('4f8a0ff7-0254-44a2-9bd5-08bd6082e357', 'Handwerk'),
('4f8a0ff7-b430-4775-b557-08bd6082e357', 'Schriften'),
('4f8a0ff7-2598-4432-ae37-08bd6082e357', 'Natur'),
('4f8a0ff8-91ac-4427-a926-08bd6082e357', 'Körperlich'),
('4f8a0ff8-d68c-4b94-a2f9-08bd6082e357', 'Wissen'),
('4f8a0ff8-ca90-487d-a1a7-08bd6082e357', 'Sprachen'),
('4f8a0ff8-05ec-45ed-becb-08bd6082e357', 'Kampf'),
('4f8a0ff8-6048-4621-a261-08bd6082e357', 'Gesellschaft');

-- --------------------------------------------------------

--
-- Tabellenstruktur für Tabelle `talente`
--

CREATE TABLE IF NOT EXISTS `talente` (
  `id` varchar(36) NOT NULL,
  `name` varchar(100) NOT NULL,
  `sprachkomplexitaet` int(11) DEFAULT NULL,
  `probe1` varchar(36) DEFAULT NULL,
  `probe2` varchar(36) DEFAULT NULL,
  `probe3` varchar(36) DEFAULT NULL,
  `talentart_id` varchar(36) CHARACTER SET latin1 NOT NULL,
  PRIMARY KEY (`id`)
) ENGINE=MyISAM DEFAULT CHARSET=utf8 COMMENT='Talente';

--
-- Daten für Tabelle `talente`
--

INSERT INTO `talente` (`id`, `name`, `sprachkomplexitaet`, `probe1`, `probe2`, `probe3`, `talentart_id`) VALUES
('4f8a1001-ed50-44f8-a74b-08bd6082e357', 'Ackerbau', NULL, '4f8a0ff7-4730-410f-9e0c-08bd6082e357', '4f8a0ff7-7f90-493d-a04d-08bd6082e357', '4f8a0ff7-e5bc-49c7-bb5b-08bd6082e357', '4f8a0ff7-0254-44a2-9bd5-08bd6082e357'),
('4f8a1001-d29c-43a9-bd75-08bd6082e357', 'Akrobatik', NULL, '4f8a0ff7-08dc-471b-8a91-08bd6082e357', '4f8a0ff7-e664-4eb9-8676-08bd6082e357', '4f8a0ff7-6fc0-41fa-8df3-08bd6082e357', '4f8a0ff8-91ac-4427-a926-08bd6082e357'),
('4f8a1001-d708-46a0-a9b3-08bd6082e357', 'Armbrust', NULL, '4f8a0ff7-e664-4eb9-8676-08bd6082e357', '4f8a0ff7-7f90-493d-a04d-08bd6082e357', '4f8a0ff7-6fc0-41fa-8df3-08bd6082e357', '4f8a0ff8-05ec-45ed-becb-08bd6082e357'),
('4f8a1001-e9e8-41f4-aae2-08bd6082e357', 'Athletik', NULL, '4f8a0ff7-e664-4eb9-8676-08bd6082e357', '4f8a0ff7-e5bc-49c7-bb5b-08bd6082e357', '4f8a0ff7-6fc0-41fa-8df3-08bd6082e357', '4f8a0ff8-91ac-4427-a926-08bd6082e357'),
('4f8a1001-1f28-4ccf-a745-08bd6082e357', 'Betören', NULL, '4f8a0ff7-4730-410f-9e0c-08bd6082e357', '4f8a0ff7-6408-4680-8044-08bd6082e357', '4f8a0ff7-6408-4680-8044-08bd6082e357', '4f8a0ff8-6048-4621-a261-08bd6082e357'),
('4f8a1001-9414-4b28-a345-08bd6082e357', 'Dolche', NULL, '4f8a0ff7-e664-4eb9-8676-08bd6082e357', '4f8a0ff7-e664-4eb9-8676-08bd6082e357', '4f8a0ff7-6fc0-41fa-8df3-08bd6082e357', '4f8a0ff8-05ec-45ed-becb-08bd6082e357'),
('4f8a1001-a790-4908-8550-08bd6082e357', 'Etikette', NULL, '4f8a0ff7-12ec-4e0e-be73-08bd6082e357', '4f8a0ff7-4730-410f-9e0c-08bd6082e357', '4f8a0ff7-6408-4680-8044-08bd6082e357', '4f8a0ff8-6048-4621-a261-08bd6082e357'),
('4f8a1001-7240-43df-ae8f-08bd6082e357', 'Fechtwaffen', NULL, '4f8a0ff7-e664-4eb9-8676-08bd6082e357', '4f8a0ff7-e664-4eb9-8676-08bd6082e357', '4f8a0ff7-6fc0-41fa-8df3-08bd6082e357', '4f8a0ff8-05ec-45ed-becb-08bd6082e357'),
('4f8a1001-da80-4314-930e-08bd6082e357', 'Fesseln/Entfesseln', NULL, '4f8a0ff7-7f90-493d-a04d-08bd6082e357', '4f8a0ff7-e664-4eb9-8676-08bd6082e357', '4f8a0ff7-6fc0-41fa-8df3-08bd6082e357', '4f8a0ff7-2598-4432-ae37-08bd6082e357'),
('4f8a1001-a9a0-46e7-bb20-08bd6082e357', 'Fischen/Angeln', NULL, '4f8a0ff7-4730-410f-9e0c-08bd6082e357', '4f8a0ff7-7f90-493d-a04d-08bd6082e357', '4f8a0ff7-6fc0-41fa-8df3-08bd6082e357', '4f8a0ff7-2598-4432-ae37-08bd6082e357'),
('4f8a1002-9670-4b7e-89ca-08bd6082e357', 'Fährtensuchen', NULL, '4f8a0ff7-12ec-4e0e-be73-08bd6082e357', '4f8a0ff7-4730-410f-9e0c-08bd6082e357', '4f8a0ff7-e5bc-49c7-bb5b-08bd6082e357', '4f8a0ff7-2598-4432-ae37-08bd6082e357'),
('4f8a1002-6c34-4489-8e09-08bd6082e357', 'Gassenwissen', NULL, '4f8a0ff7-12ec-4e0e-be73-08bd6082e357', '4f8a0ff7-4730-410f-9e0c-08bd6082e357', '4f8a0ff7-6408-4680-8044-08bd6082e357', '4f8a0ff8-6048-4621-a261-08bd6082e357'),
('4f8a1002-939c-485f-8771-08bd6082e357', 'Geografie', NULL, '4f8a0ff7-12ec-4e0e-be73-08bd6082e357', '4f8a0ff7-12ec-4e0e-be73-08bd6082e357', '4f8a0ff7-4730-410f-9e0c-08bd6082e357', '4f8a0ff8-d68c-4b94-a2f9-08bd6082e357'),
('4f8a1002-0970-4c45-b9a7-08bd6082e357', 'Geschichtswissen', NULL, '4f8a0ff7-12ec-4e0e-be73-08bd6082e357', '4f8a0ff7-12ec-4e0e-be73-08bd6082e357', '4f8a0ff7-4730-410f-9e0c-08bd6082e357', '4f8a0ff8-d68c-4b94-a2f9-08bd6082e357'),
('4f8a1002-32cc-4453-9cda-08bd6082e357', 'Götter und Kulte', NULL, '4f8a0ff7-12ec-4e0e-be73-08bd6082e357', '4f8a0ff7-12ec-4e0e-be73-08bd6082e357', '4f8a0ff7-4730-410f-9e0c-08bd6082e357', '4f8a0ff8-d68c-4b94-a2f9-08bd6082e357'),
('4f8a1002-61c4-4ad1-9513-08bd6082e357', 'Heilkunde: Gift', NULL, '4f8a0ff7-08dc-471b-8a91-08bd6082e357', '4f8a0ff7-12ec-4e0e-be73-08bd6082e357', '4f8a0ff7-4730-410f-9e0c-08bd6082e357', '4f8a0ff7-0254-44a2-9bd5-08bd6082e357'),
('4f8a1002-5d2c-4d60-804e-08bd6082e357', 'Heilkunde: Wunden', NULL, '4f8a0ff7-12ec-4e0e-be73-08bd6082e357', '4f8a0ff7-6408-4680-8044-08bd6082e357', '4f8a0ff7-7f90-493d-a04d-08bd6082e357', '4f8a0ff7-0254-44a2-9bd5-08bd6082e357'),
('4f8a1002-60a4-4352-b3a6-08bd6082e357', 'Hiebwaffen', NULL, '4f8a0ff7-e664-4eb9-8676-08bd6082e357', '4f8a0ff7-e664-4eb9-8676-08bd6082e357', '4f8a0ff7-6fc0-41fa-8df3-08bd6082e357', '4f8a0ff8-05ec-45ed-becb-08bd6082e357'),
('4f8a1002-b328-418b-95ed-08bd6082e357', 'Holzbearbeitung', NULL, '4f8a0ff7-12ec-4e0e-be73-08bd6082e357', '4f8a0ff7-7f90-493d-a04d-08bd6082e357', '4f8a0ff7-6fc0-41fa-8df3-08bd6082e357', '4f8a0ff7-0254-44a2-9bd5-08bd6082e357'),
('4f8a1002-1974-4c03-82e1-08bd6082e357', 'Infanteriewaffen', NULL, '4f8a0ff7-e664-4eb9-8676-08bd6082e357', '4f8a0ff7-e664-4eb9-8676-08bd6082e357', '4f8a0ff7-6fc0-41fa-8df3-08bd6082e357', '4f8a0ff8-05ec-45ed-becb-08bd6082e357'),
('4f8a1002-81f4-4b2f-9072-08bd6082e357', 'Klettern', NULL, '4f8a0ff7-08dc-471b-8a91-08bd6082e357', '4f8a0ff7-e664-4eb9-8676-08bd6082e357', '4f8a0ff7-6fc0-41fa-8df3-08bd6082e357', '4f8a0ff8-91ac-4427-a926-08bd6082e357'),
('4f8a1002-64c0-4e96-a80c-08bd6082e357', 'Kochen', NULL, '4f8a0ff7-12ec-4e0e-be73-08bd6082e357', '4f8a0ff7-4730-410f-9e0c-08bd6082e357', '4f8a0ff7-7f90-493d-a04d-08bd6082e357', '4f8a0ff7-0254-44a2-9bd5-08bd6082e357'),
('4f8a1002-c6a4-484b-b53c-08bd6082e357', 'Körperbeherrschung', NULL, '4f8a0ff7-08dc-471b-8a91-08bd6082e357', '4f8a0ff7-4730-410f-9e0c-08bd6082e357', '4f8a0ff7-e664-4eb9-8676-08bd6082e357', '4f8a0ff8-91ac-4427-a926-08bd6082e357'),
('4f8a1002-1ff0-4a95-ac12-08bd6082e357', 'Lederarbeiten', NULL, '4f8a0ff7-12ec-4e0e-be73-08bd6082e357', '4f8a0ff7-7f90-493d-a04d-08bd6082e357', '4f8a0ff7-7f90-493d-a04d-08bd6082e357', '4f8a0ff7-0254-44a2-9bd5-08bd6082e357'),
('4f8a1002-2bc0-4aa6-91eb-08bd6082e357', 'Lesen/Schreiben Kusliker Zeichen', 10, '4f8a0ff7-12ec-4e0e-be73-08bd6082e357', '4f8a0ff7-12ec-4e0e-be73-08bd6082e357', '4f8a0ff7-7f90-493d-a04d-08bd6082e357', '4f8a0ff7-b430-4775-b557-08bd6082e357'),
('4f8a1002-dd54-4ac6-98e0-08bd6082e357', 'Magiekunde', NULL, '4f8a0ff7-12ec-4e0e-be73-08bd6082e357', '4f8a0ff7-12ec-4e0e-be73-08bd6082e357', '4f8a0ff7-4730-410f-9e0c-08bd6082e357', '4f8a0ff8-d68c-4b94-a2f9-08bd6082e357'),
('4f8a1002-c2dc-4542-911a-08bd6082e357', 'Malen/Zeichnen', NULL, '4f8a0ff7-12ec-4e0e-be73-08bd6082e357', '4f8a0ff7-4730-410f-9e0c-08bd6082e357', '4f8a0ff7-7f90-493d-a04d-08bd6082e357', '4f8a0ff7-0254-44a2-9bd5-08bd6082e357'),
('4f8a1003-83d0-4a0e-b76c-08bd6082e357', 'Mechanik', NULL, '4f8a0ff7-12ec-4e0e-be73-08bd6082e357', '4f8a0ff7-12ec-4e0e-be73-08bd6082e357', '4f8a0ff7-7f90-493d-a04d-08bd6082e357', '4f8a0ff8-d68c-4b94-a2f9-08bd6082e357'),
('4f8a1003-d8d0-46e4-b5a0-08bd6082e357', 'Menschenkenntnis', NULL, '4f8a0ff7-12ec-4e0e-be73-08bd6082e357', '4f8a0ff7-4730-410f-9e0c-08bd6082e357', '4f8a0ff7-6408-4680-8044-08bd6082e357', '4f8a0ff8-6048-4621-a261-08bd6082e357'),
('4f8a1003-272c-4228-8cf0-08bd6082e357', 'Musizieren', NULL, '4f8a0ff7-4730-410f-9e0c-08bd6082e357', '4f8a0ff7-6408-4680-8044-08bd6082e357', '4f8a0ff7-7f90-493d-a04d-08bd6082e357', '4f8a0ff7-0254-44a2-9bd5-08bd6082e357'),
('4f8a1003-70d8-4bbc-80a2-08bd6082e357', 'Orientierung', NULL, '4f8a0ff7-12ec-4e0e-be73-08bd6082e357', '4f8a0ff7-4730-410f-9e0c-08bd6082e357', '4f8a0ff7-4730-410f-9e0c-08bd6082e357', '4f8a0ff7-2598-4432-ae37-08bd6082e357'),
('4f8a1003-bbb0-417d-83cc-08bd6082e357', 'Raufen', NULL, '4f8a0ff7-e664-4eb9-8676-08bd6082e357', '4f8a0ff7-e664-4eb9-8676-08bd6082e357', '4f8a0ff7-6fc0-41fa-8df3-08bd6082e357', '4f8a0ff8-05ec-45ed-becb-08bd6082e357'),
('4f8a1003-31e4-46d4-b845-08bd6082e357', 'Rechnen', NULL, '4f8a0ff7-12ec-4e0e-be73-08bd6082e357', '4f8a0ff7-12ec-4e0e-be73-08bd6082e357', '4f8a0ff7-4730-410f-9e0c-08bd6082e357', '4f8a0ff8-d68c-4b94-a2f9-08bd6082e357'),
('4f8a1003-2c84-4ec1-b993-08bd6082e357', 'Rechtskunde', NULL, '4f8a0ff7-12ec-4e0e-be73-08bd6082e357', '4f8a0ff7-12ec-4e0e-be73-08bd6082e357', '4f8a0ff7-4730-410f-9e0c-08bd6082e357', '4f8a0ff8-d68c-4b94-a2f9-08bd6082e357'),
('4f8a1003-3ef8-463c-a061-08bd6082e357', 'Ringen', NULL, '4f8a0ff7-e664-4eb9-8676-08bd6082e357', '4f8a0ff7-e664-4eb9-8676-08bd6082e357', '4f8a0ff7-6fc0-41fa-8df3-08bd6082e357', '4f8a0ff8-05ec-45ed-becb-08bd6082e357'),
('4f8a1003-3fb4-47bb-a888-08bd6082e357', 'Sagen und Legenden', NULL, '4f8a0ff7-12ec-4e0e-be73-08bd6082e357', '4f8a0ff7-4730-410f-9e0c-08bd6082e357', '4f8a0ff7-6408-4680-8044-08bd6082e357', '4f8a0ff8-d68c-4b94-a2f9-08bd6082e357'),
('4f8a1003-c5c8-48f7-9571-08bd6082e357', 'Schleichen', NULL, '4f8a0ff7-08dc-471b-8a91-08bd6082e357', '4f8a0ff7-4730-410f-9e0c-08bd6082e357', '4f8a0ff7-e664-4eb9-8676-08bd6082e357', '4f8a0ff8-91ac-4427-a926-08bd6082e357'),
('4f8a1003-55a0-44f9-93bc-08bd6082e357', 'Schlösser knacken', NULL, '4f8a0ff7-4730-410f-9e0c-08bd6082e357', '4f8a0ff7-7f90-493d-a04d-08bd6082e357', '4f8a0ff7-7f90-493d-a04d-08bd6082e357', '4f8a0ff7-0254-44a2-9bd5-08bd6082e357'),
('4f8a1003-0b5c-4abd-9988-08bd6082e357', 'Schneidern', NULL, '4f8a0ff7-12ec-4e0e-be73-08bd6082e357', '4f8a0ff7-7f90-493d-a04d-08bd6082e357', '4f8a0ff7-7f90-493d-a04d-08bd6082e357', '4f8a0ff7-0254-44a2-9bd5-08bd6082e357'),
('4f8a1003-f6dc-45a6-b613-08bd6082e357', 'Schwimmen', NULL, '4f8a0ff7-e664-4eb9-8676-08bd6082e357', '4f8a0ff7-e5bc-49c7-bb5b-08bd6082e357', '4f8a0ff7-6fc0-41fa-8df3-08bd6082e357', '4f8a0ff8-91ac-4427-a926-08bd6082e357'),
('4f8a1003-65e4-4986-bab3-08bd6082e357', 'Schätzen', NULL, '4f8a0ff7-12ec-4e0e-be73-08bd6082e357', '4f8a0ff7-4730-410f-9e0c-08bd6082e357', '4f8a0ff7-4730-410f-9e0c-08bd6082e357', '4f8a0ff8-d68c-4b94-a2f9-08bd6082e357'),
('4f8a1003-9a54-4843-80a6-08bd6082e357', 'Selbstbeherrschung', NULL, '4f8a0ff7-08dc-471b-8a91-08bd6082e357', '4f8a0ff7-e5bc-49c7-bb5b-08bd6082e357', '4f8a0ff7-6fc0-41fa-8df3-08bd6082e357', '4f8a0ff8-91ac-4427-a926-08bd6082e357'),
('4f8a1003-c884-4977-867e-08bd6082e357', 'Sich verkleiden', NULL, '4f8a0ff7-08dc-471b-8a91-08bd6082e357', '4f8a0ff7-6408-4680-8044-08bd6082e357', '4f8a0ff7-e664-4eb9-8676-08bd6082e357', '4f8a0ff8-6048-4621-a261-08bd6082e357'),
('4f8a1004-1c34-40c9-8601-08bd6082e357', 'Sich verstecken', NULL, '4f8a0ff7-08dc-471b-8a91-08bd6082e357', '4f8a0ff7-4730-410f-9e0c-08bd6082e357', '4f8a0ff7-e664-4eb9-8676-08bd6082e357', '4f8a0ff8-91ac-4427-a926-08bd6082e357'),
('4f8a1004-f410-4fa9-8482-08bd6082e357', 'Singen', NULL, '4f8a0ff7-4730-410f-9e0c-08bd6082e357', '4f8a0ff7-6408-4680-8044-08bd6082e357', '4f8a0ff7-6408-4680-8044-08bd6082e357', '4f8a0ff8-91ac-4427-a926-08bd6082e357'),
('4f8a1004-7574-420c-8ca5-08bd6082e357', 'Sinnenschärfe', NULL, '4f8a0ff7-12ec-4e0e-be73-08bd6082e357', '4f8a0ff7-4730-410f-9e0c-08bd6082e357', '4f8a0ff7-4730-410f-9e0c-08bd6082e357', '4f8a0ff8-91ac-4427-a926-08bd6082e357'),
('4f8a1004-8a44-4c0d-af95-08bd6082e357', 'Sprachen kennen Garethi', 18, '4f8a0ff7-12ec-4e0e-be73-08bd6082e357', '4f8a0ff7-4730-410f-9e0c-08bd6082e357', '4f8a0ff7-6408-4680-8044-08bd6082e357', '4f8a0ff8-ca90-487d-a1a7-08bd6082e357'),
('4f8a1004-64b0-460d-a468-08bd6082e357', 'Sprachen kennen Tulamidya', 18, '4f8a0ff7-12ec-4e0e-be73-08bd6082e357', '4f8a0ff7-4730-410f-9e0c-08bd6082e357', '4f8a0ff7-6408-4680-8044-08bd6082e357', '4f8a0ff8-ca90-487d-a1a7-08bd6082e357'),
('4f8a1004-69b8-4f25-89bf-08bd6082e357', 'Säbel', NULL, '4f8a0ff7-e664-4eb9-8676-08bd6082e357', '4f8a0ff7-e664-4eb9-8676-08bd6082e357', '4f8a0ff7-6fc0-41fa-8df3-08bd6082e357', '4f8a0ff8-05ec-45ed-becb-08bd6082e357'),
('4f8a1004-8bcc-4ea8-890e-08bd6082e357', 'Tanzen', NULL, '4f8a0ff7-6408-4680-8044-08bd6082e357', '4f8a0ff7-e664-4eb9-8676-08bd6082e357', '4f8a0ff7-e664-4eb9-8676-08bd6082e357', '4f8a0ff8-91ac-4427-a926-08bd6082e357'),
('4f8a1004-43e0-41dd-a45f-08bd6082e357', 'Taschendiebstahl', NULL, '4f8a0ff7-08dc-471b-8a91-08bd6082e357', '4f8a0ff7-4730-410f-9e0c-08bd6082e357', '4f8a0ff7-7f90-493d-a04d-08bd6082e357', '4f8a0ff8-91ac-4427-a926-08bd6082e357'),
('4f8a1004-61e8-4087-9c5c-08bd6082e357', 'Wildnisleben', NULL, '4f8a0ff7-4730-410f-9e0c-08bd6082e357', '4f8a0ff7-e664-4eb9-8676-08bd6082e357', '4f8a0ff7-e5bc-49c7-bb5b-08bd6082e357', '4f8a0ff7-2598-4432-ae37-08bd6082e357'),
('4f8a1004-e2e8-4ec1-a082-08bd6082e357', 'Wurfmesser', NULL, '4f8a0ff7-e664-4eb9-8676-08bd6082e357', '4f8a0ff7-7f90-493d-a04d-08bd6082e357', '4f8a0ff7-6fc0-41fa-8df3-08bd6082e357', '4f8a0ff8-05ec-45ed-becb-08bd6082e357'),
('4f8a1004-ef80-41f0-9dff-08bd6082e357', 'Zechen', NULL, '4f8a0ff7-4730-410f-9e0c-08bd6082e357', '4f8a0ff7-e5bc-49c7-bb5b-08bd6082e357', '4f8a0ff7-6fc0-41fa-8df3-08bd6082e357', '4f8a0ff8-91ac-4427-a926-08bd6082e357'),
('4f8a1004-ba78-4c74-937a-08bd6082e357', 'Überreden', NULL, '4f8a0ff7-08dc-471b-8a91-08bd6082e357', '4f8a0ff7-4730-410f-9e0c-08bd6082e357', '4f8a0ff7-6408-4680-8044-08bd6082e357', '4f8a0ff8-6048-4621-a261-08bd6082e357'),
('4f8a1004-56f4-44a8-895e-08bd6082e357', 'Überzeugen', NULL, '4f8a0ff7-12ec-4e0e-be73-08bd6082e357', '4f8a0ff7-4730-410f-9e0c-08bd6082e357', '4f8a0ff7-6408-4680-8044-08bd6082e357', '4f8a0ff8-6048-4621-a261-08bd6082e357'),
('4f8a114d-948c-43fb-9735-08bc6082e357', 'Bogen', NULL, '4f8a0ff7-e664-4eb9-8676-08bd6082e357', '4f8a0ff7-7f90-493d-a04d-08bd6082e357', '4f8a0ff7-6fc0-41fa-8df3-08bd6082e357', '4f8a0ff8-05ec-45ed-becb-08bd6082e357'),
('4f8a114d-3c9c-4978-b057-08bc6082e357', 'Bogenbau', NULL, '4f8a0ff7-12ec-4e0e-be73-08bd6082e357', '4f8a0ff7-4730-410f-9e0c-08bd6082e357', '4f8a0ff7-7f90-493d-a04d-08bd6082e357', '4f8a0ff7-0254-44a2-9bd5-08bd6082e357'),
('4f8a114d-5c34-406e-9e70-08bc6082e357', 'Boote fahren', NULL, '4f8a0ff7-e664-4eb9-8676-08bd6082e357', '4f8a0ff7-e5bc-49c7-bb5b-08bd6082e357', '4f8a0ff7-6fc0-41fa-8df3-08bd6082e357', '4f8a0ff7-0254-44a2-9bd5-08bd6082e357'),
('4f8a114e-cd30-4cf0-b065-08bc6082e357', 'Lesen/Schreiben Isdira/Asdharia', 18, '4f8a0ff7-12ec-4e0e-be73-08bd6082e357', '4f8a0ff7-12ec-4e0e-be73-08bd6082e357', '4f8a0ff7-7f90-493d-a04d-08bd6082e357', '4f8a0ff7-b430-4775-b557-08bd6082e357'),
('4f8a114e-eebc-4834-b21c-08bc6082e357', 'Pflanzenkunde', NULL, '4f8a0ff7-12ec-4e0e-be73-08bd6082e357', '4f8a0ff7-4730-410f-9e0c-08bd6082e357', '4f8a0ff7-7f90-493d-a04d-08bd6082e357', '4f8a0ff8-d68c-4b94-a2f9-08bd6082e357'),
('4f8a114e-5ae4-4f39-96c6-08bc6082e357', 'Sprachen kennen Isdira', 21, '4f8a0ff7-12ec-4e0e-be73-08bd6082e357', '4f8a0ff7-4730-410f-9e0c-08bd6082e357', '4f8a0ff7-6408-4680-8044-08bd6082e357', '4f8a0ff8-ca90-487d-a1a7-08bd6082e357'),
('4f8a114e-64b0-4a4e-ab51-08bc6082e357', 'Sternkunde', NULL, '4f8a0ff7-12ec-4e0e-be73-08bd6082e357', '4f8a0ff7-12ec-4e0e-be73-08bd6082e357', '4f8a0ff7-4730-410f-9e0c-08bd6082e357', '4f8a0ff8-d68c-4b94-a2f9-08bd6082e357'),
('4f8a114e-19a4-46ea-a85f-08bc6082e357', 'Stimmen imitieren', NULL, '4f8a0ff7-12ec-4e0e-be73-08bd6082e357', '4f8a0ff7-4730-410f-9e0c-08bd6082e357', '4f8a0ff7-6408-4680-8044-08bd6082e357', '4f8a0ff8-91ac-4427-a926-08bd6082e357'),
('4f8a114e-c0ec-464d-8c24-08bc6082e357', 'Tierkunde', NULL, '4f8a0ff7-08dc-471b-8a91-08bd6082e357', '4f8a0ff7-12ec-4e0e-be73-08bd6082e357', '4f8a0ff7-4730-410f-9e0c-08bd6082e357', '4f8a0ff8-d68c-4b94-a2f9-08bd6082e357'),
('4f8a114e-e3a4-44a8-81cf-08bc6082e357', 'Wettervorhersage', NULL, '4f8a0ff7-12ec-4e0e-be73-08bd6082e357', '4f8a0ff7-4730-410f-9e0c-08bd6082e357', '4f8a0ff7-4730-410f-9e0c-08bd6082e357', '4f8a0ff7-2598-4432-ae37-08bd6082e357'),
('4f8b04f5-8b08-41c0-93df-3f226082e357', 'Belagerungswaffen', NULL, '4f8a0ff7-e664-4eb9-8676-08bd6082e357', '4f8a0ff7-7f90-493d-a04d-08bd6082e357', '4f8a0ff7-6fc0-41fa-8df3-08bd6082e357', '4f8a0ff8-05ec-45ed-becb-08bd6082e357'),
('4f8b04f5-d980-4a6e-8beb-3f226082e357', 'Kriegskunst', NULL, '4f8a0ff7-08dc-471b-8a91-08bd6082e357', '4f8a0ff7-12ec-4e0e-be73-08bd6082e357', '4f8a0ff7-6408-4680-8044-08bd6082e357', '4f8a0ff8-d68c-4b94-a2f9-08bd6082e357'),
('4f8b04f5-2880-4427-806a-3f226082e357', 'Lesen/Schreiben Hjaldingsche Runen', 16, '4f8a0ff7-12ec-4e0e-be73-08bd6082e357', '4f8a0ff7-12ec-4e0e-be73-08bd6082e357', '4f8a0ff7-7f90-493d-a04d-08bd6082e357', '4f8a0ff7-b430-4775-b557-08bd6082e357'),
('4f8b04f5-c2e4-4ee8-a376-3f226082e357', 'Reiten', NULL, '4f8a0ff7-6408-4680-8044-08bd6082e357', '4f8a0ff7-e664-4eb9-8676-08bd6082e357', '4f8a0ff7-6fc0-41fa-8df3-08bd6082e357', '4f8a0ff8-91ac-4427-a926-08bd6082e357'),
('4f8b04f5-ed90-4d23-98b1-3f226082e357', 'Schnaps brennen', NULL, '4f8a0ff7-12ec-4e0e-be73-08bd6082e357', '4f8a0ff7-4730-410f-9e0c-08bd6082e357', '4f8a0ff7-7f90-493d-a04d-08bd6082e357', '4f8a0ff7-0254-44a2-9bd5-08bd6082e357'),
('4f8b04f5-7e0c-43f3-8427-3f226082e357', 'Schwerter', NULL, '4f8a0ff7-e664-4eb9-8676-08bd6082e357', '4f8a0ff7-e664-4eb9-8676-08bd6082e357', '4f8a0ff7-6fc0-41fa-8df3-08bd6082e357', '4f8a0ff8-05ec-45ed-becb-08bd6082e357'),
('4f8b04f6-118c-4e13-bb77-3f226082e357', 'Seefahrt', NULL, '4f8a0ff7-7f90-493d-a04d-08bd6082e357', '4f8a0ff7-e664-4eb9-8676-08bd6082e357', '4f8a0ff7-6fc0-41fa-8df3-08bd6082e357', '4f8a0ff7-0254-44a2-9bd5-08bd6082e357'),
('4f8b04f6-afd8-4d8d-8d36-3f226082e357', 'Seefischerei', NULL, '4f8a0ff7-4730-410f-9e0c-08bd6082e357', '4f8a0ff7-7f90-493d-a04d-08bd6082e357', '4f8a0ff7-6fc0-41fa-8df3-08bd6082e357', '4f8a0ff7-2598-4432-ae37-08bd6082e357'),
('4f8b04f6-0a6c-48ba-9749-3f226082e357', 'Sprachen kennen Thorwalsch', 18, '4f8a0ff7-12ec-4e0e-be73-08bd6082e357', '4f8a0ff7-4730-410f-9e0c-08bd6082e357', '4f8a0ff7-6408-4680-8044-08bd6082e357', '4f8a0ff8-ca90-487d-a1a7-08bd6082e357'),
('4f8b04f6-b2e0-4c90-88a5-3f226082e357', 'Wurfbeile', NULL, '4f8a0ff7-e664-4eb9-8676-08bd6082e357', '4f8a0ff7-7f90-493d-a04d-08bd6082e357', '4f8a0ff7-6fc0-41fa-8df3-08bd6082e357', '4f8a0ff8-05ec-45ed-becb-08bd6082e357'),
('4f8b04f6-7b5c-43b5-b562-3f226082e357', 'Zweihandhiebwaffen', NULL, '4f8a0ff7-e664-4eb9-8676-08bd6082e357', '4f8a0ff7-e664-4eb9-8676-08bd6082e357', '4f8a0ff7-6fc0-41fa-8df3-08bd6082e357', '4f8a0ff8-05ec-45ed-becb-08bd6082e357');

-- --------------------------------------------------------

--
-- Tabellenstruktur für Tabelle `vorteile`
--

CREATE TABLE IF NOT EXISTS `vorteile` (
  `id` varchar(36) NOT NULL,
  `name` varchar(50) NOT NULL,
  `auswahl` tinyint(1) NOT NULL,
  `mehrfachauswahl` tinyint(1) NOT NULL,
  `nachteil` tinyint(1) NOT NULL,
  `wertvorteil` tinyint(1) NOT NULL,
  PRIMARY KEY (`id`)
) ENGINE=MyISAM DEFAULT CHARSET=utf8;

--
-- Daten für Tabelle `vorteile`
--

INSERT INTO `vorteile` (`id`, `name`, `auswahl`, `mehrfachauswahl`, `nachteil`, `wertvorteil`) VALUES
('4f8a1004-a500-4c8f-9272-08bd6082e357', 'Herausragender Sinn Tastsinn', 0, 1, 0, 0),
('4f8a1004-586c-4ea0-995c-08bd6082e357', 'Goldgier: 5', 0, 0, 1, 1),
('4f8a1004-37fc-4cc3-8531-08bd6082e357', 'Neugier: 5', 0, 0, 1, 1),
('4f8a114e-2ddc-40b2-9b7d-08bc6082e357', 'Altersresistenz', 0, 0, 0, 0),
('4f8a114e-0708-4152-8996-08bc6082e357', 'Astrale Regeneration: 2', 0, 0, 0, 1),
('4f8a114e-88f4-4583-888d-08bc6082e357', 'Dämmerungssicht', 0, 0, 0, 0),
('4f8a114e-0c70-4a94-8ef7-08bc6082e357', 'Gutaussehend', 0, 0, 0, 0),
('4f8a114e-7430-45c0-9ac5-08bc6082e357', 'Herausragender Sinn Sicht', 0, 1, 0, 0),
('4f8a114e-acec-40f0-a82c-08bc6082e357', 'Resistenz gegen Krankheiten', 0, 0, 0, 0),
('4f8a114e-7eec-452f-a546-08bc6082e357', 'Richtungssinn', 0, 0, 0, 0),
('4f8a114e-96fc-4cec-95db-08bc6082e357', 'Vollzauberer', 0, 0, 0, 0),
('4f8a114f-3ef0-4d39-a167-08bc6082e357', 'Wohlklang', 0, 0, 0, 0),
('4f8a114f-8004-400c-85ba-08bc6082e357', 'Zweistimmiger Gesang', 0, 0, 0, 0),
('4f8a114f-a87c-4e83-a1e9-08bc6082e357', 'Angst vor Menschenmassen: 5', 0, 0, 1, 1),
('4f8a114f-af5c-4768-8ad3-08bc6082e357', 'Animalische Magie: 4', 0, 0, 1, 1),
('4f8a114f-527c-4742-ab5b-08bc6082e357', 'Arroganz: 5', 0, 0, 1, 1),
('4f8a114f-4764-49a4-a77c-08bc6082e357', 'Elfische Weltsicht', 0, 0, 1, 0),
('4f8a114f-e700-4b5e-ae2d-08bc6082e357', 'Randgruppe', 0, 0, 1, 0),
('4f8a114f-1124-4072-90d4-08bc6082e357', 'Sensibler Geruchssinn: 6', 0, 0, 1, 1),
('4f8a114f-4cc0-4482-afb6-08bc6082e357', 'Unfähigkeit für [Talent] Zechen', 0, 1, 1, 0),
('4f8a114f-7024-4718-ae5f-08bc6082e357', 'Vorurteile: 6', 0, 0, 1, 1),
('4f8a114f-64a8-43c3-9685-08bc6082e357', 'Weltfremd: 12', 0, 0, 1, 1),
('4f8b04f6-b540-4c9e-a1cb-3f226082e357', 'Akademische Ausbildung (Krieger)', 0, 0, 0, 0),
('4f8b04f6-3c1c-43fe-9dfb-3f226082e357', 'Aberglaube: 5', 0, 0, 1, 1),
('4f8b04f6-7900-4380-ac37-3f226082e357', 'Jähzorn: 5', 0, 0, 1, 1),
('4f8b04f6-0dd0-40bc-8046-3f226082e357', 'Neugier: 7', 0, 0, 1, 1),
('4f8b04f6-afe8-45de-af53-3f226082e357', 'Prinzipientreue: 10', 0, 0, 1, 1),
('4f8b04f6-88b0-465f-a933-3f226082e357', 'Rachsucht: 8', 0, 0, 1, 1);

-- --------------------------------------------------------

--
-- Tabellenstruktur für Tabelle `werte`
--

CREATE TABLE IF NOT EXISTS `werte` (
  `id` varchar(36) NOT NULL COMMENT 'Eindeutige UUID des Helden',
  `held_id` varchar(36) NOT NULL,
  `ap_gesamt` int(11) NOT NULL,
  `ap_eingesetzt` int(11) NOT NULL,
  `ap_verfuegbar` int(11) NOT NULL,
  `gp_start` int(11) NOT NULL,
  `gp_rest` int(11) NOT NULL,
  PRIMARY KEY (`id`)
) ENGINE=MyISAM DEFAULT CHARSET=utf8 COMMENT='Grunddaten der Helden';

--
-- Daten für Tabelle `werte`
--

INSERT INTO `werte` (`id`, `held_id`, `ap_gesamt`, `ap_eingesetzt`, `ap_verfuegbar`, `gp_start`, `gp_rest`) VALUES
('4f8a1005-fac8-476c-b845-08bd6082e357', '4f8a1005-3b68-4169-801f-08bd6082e357', 2555, 2543, 12, 0, 0),
('4f8a1151-74f8-45f5-a76e-08bc6082e357', '4f8a1151-adc8-4fd1-81f8-08bc6082e357', 360, 360, 0, 110, 0),
('4f8b04f7-8284-4ca2-a1c4-3f226082e357', '4f8b04f7-97c8-4153-8341-3f226082e357', 0, 0, 0, 110, 0);

-- --------------------------------------------------------

--
-- Tabellenstruktur für Tabelle `zauber`
--

CREATE TABLE IF NOT EXISTS `zauber` (
  `id` varchar(36) NOT NULL,
  `name` text NOT NULL,
  `repraesentation` text NOT NULL,
  `basiskomplexitaet` varchar(2) NOT NULL,
  `lernkomplexitaet` varchar(2) NOT NULL,
  `hauszauber` tinyint(1) DEFAULT NULL,
  `merkmale` text,
  `probe1` varchar(36) NOT NULL,
  `probe2` varchar(36) NOT NULL,
  `probe3` varchar(36) NOT NULL,
  `kosten` text,
  `reichweite` text,
  `wirkungsdauer` text,
  `zauberdauer` text,
  PRIMARY KEY (`id`)
) ENGINE=MyISAM DEFAULT CHARSET=utf8;

--
-- Daten für Tabelle `zauber`
--

INSERT INTO `zauber` (`id`, `name`, `repraesentation`, `basiskomplexitaet`, `lernkomplexitaet`, `hauszauber`, `merkmale`, `probe1`, `probe2`, `probe3`, `kosten`, `reichweite`, `wirkungsdauer`, `zauberdauer`) VALUES
('4f8a1150-0354-4dd4-96a5-08bc6082e357', 'Adlerauge Luchsenohr [Elf]', 'Elf', 'B', 'B', 0, 'Eigenschaften\nHellsicht', '4f8a0ff7-12ec-4e0e-be73-08bd6082e357', '4f8a0ff7-4730-410f-9e0c-08bd6082e357', '4f8a0ff7-7f90-493d-a04d-08bd6082e357', '', '', '', ''),
('4f8a1150-3ab0-4bbc-bdd4-08bc6082e357', 'Beherrschung brechen [Elf]', 'Elf', 'C', 'B', 1, 'Antimagie\nHerrschaft', '4f8a0ff7-12ec-4e0e-be73-08bd6082e357', '4f8a0ff7-4730-410f-9e0c-08bd6082e357', '4f8a0ff7-6408-4680-8044-08bd6082e357', '', '', '', ''),
('4f8a1150-9684-4675-826f-08bc6082e357', 'Fulminictus Donnerkeil [Elf]', 'Elf', 'C', 'C', 0, 'Kraft\nSchaden', '4f8a0ff7-4730-410f-9e0c-08bd6082e357', '4f8a0ff7-e664-4eb9-8676-08bd6082e357', '4f8a0ff7-e5bc-49c7-bb5b-08bd6082e357', '', '', '', ''),
('4f8a1150-2bc4-40bd-a4c0-08bc6082e357', 'Gedankenbilder Elfenruf [Elf]', 'Elf', 'B', 'A', 1, 'Verständigung', '4f8a0ff7-12ec-4e0e-be73-08bd6082e357', '4f8a0ff7-4730-410f-9e0c-08bd6082e357', '4f8a0ff7-6408-4680-8044-08bd6082e357', '', '', '', ''),
('4f8a1150-8220-48a0-8b43-08bc6082e357', 'Hilfreiche Tatze, rettende Schwinge [Elf]', 'Elf', 'D', 'E', 0, 'Einfluss\nVerständigung', '4f8a0ff7-08dc-471b-8a91-08bd6082e357', '4f8a0ff7-4730-410f-9e0c-08bd6082e357', '4f8a0ff7-6408-4680-8044-08bd6082e357', '', '', '', ''),
('4f8a1150-1ecc-4596-948c-08bc6082e357', 'Krötensprung [Elf]', 'Elf', 'B', 'A', 1, 'Eigenschaften', '4f8a0ff7-4730-410f-9e0c-08bd6082e357', '4f8a0ff7-e664-4eb9-8676-08bd6082e357', '4f8a0ff7-6fc0-41fa-8df3-08bd6082e357', '', '', '', ''),
('4f8a1150-bb9c-4088-9987-08bc6082e357', 'Movimento Dauerlauf [Elf]', 'Elf', 'A', 'A', 0, 'Eigenschaften', '4f8a0ff7-4730-410f-9e0c-08bd6082e357', '4f8a0ff7-e664-4eb9-8676-08bd6082e357', '4f8a0ff7-e5bc-49c7-bb5b-08bd6082e357', '', '', '', ''),
('4f8a1150-9f60-4b67-a6d5-08bc6082e357', 'Nebelwand und Morgendunst [Elf]', 'Elf', 'C', 'C', 0, 'Elementar (Luft)\nElementar (Wasser)\nUmwelt', '4f8a0ff7-12ec-4e0e-be73-08bd6082e357', '4f8a0ff7-7f90-493d-a04d-08bd6082e357', '4f8a0ff7-e5bc-49c7-bb5b-08bd6082e357', '', '', '', ''),
('4f8a1150-407c-471b-b12c-08bc6082e357', 'Penetrizzel Tiefenblick [Elf]', 'Elf', 'C', 'C', 1, 'Hellsicht', '4f8a0ff7-12ec-4e0e-be73-08bd6082e357', '4f8a0ff7-12ec-4e0e-be73-08bd6082e357', '4f8a0ff7-e5bc-49c7-bb5b-08bd6082e357', '', '', '', ''),
('4f8a1150-9994-4e24-8c18-08bc6082e357', 'Pfeil der Luft [Elf]', 'Elf', 'C', 'C', 0, 'Elementar (Luft)\nObjekt', '4f8a0ff7-12ec-4e0e-be73-08bd6082e357', '4f8a0ff7-4730-410f-9e0c-08bd6082e357', '4f8a0ff7-6408-4680-8044-08bd6082e357', '', '', '', ''),
('4f8a1151-d3f4-4baa-ad3f-08bc6082e357', 'Pfeil des Humus [Elf]', 'Elf', 'C', 'D', 0, 'Elementar (Humus)\nObjekt', '4f8a0ff7-12ec-4e0e-be73-08bd6082e357', '4f8a0ff7-4730-410f-9e0c-08bd6082e357', '4f8a0ff7-6408-4680-8044-08bd6082e357', '', '', '', ''),
('4f8a1151-6188-425c-9f8b-08bc6082e357', 'Plumbumbarum schwerer Arm [Elf]', 'Elf', 'B', 'A', 1, 'Einfluss', '4f8a0ff7-6408-4680-8044-08bd6082e357', '4f8a0ff7-e664-4eb9-8676-08bd6082e357', '4f8a0ff7-6fc0-41fa-8df3-08bd6082e357', '', '', '', ''),
('4f8a1151-2cf0-4797-baa8-08bc6082e357', 'Ruhe Körper, ruhe Geist [Elf]', 'Elf', 'B', 'A', 1, 'Heilung', '4f8a0ff7-12ec-4e0e-be73-08bd6082e357', '4f8a0ff7-6408-4680-8044-08bd6082e357', '4f8a0ff7-e5bc-49c7-bb5b-08bd6082e357', '', '', '', ''),
('4f8a1151-cb50-446c-9e9d-08bc6082e357', 'Seidenzunge Elfenwort [Elf]', 'Elf', 'B', 'C', 0, 'Einfluss', '4f8a0ff7-12ec-4e0e-be73-08bd6082e357', '4f8a0ff7-4730-410f-9e0c-08bd6082e357', '4f8a0ff7-6408-4680-8044-08bd6082e357', '', '', '', ''),
('4f8a1151-a830-4ba7-84cc-08bc6082e357', 'Solidirid Weg aus Licht [Elf]', 'Elf', 'D', 'C', 1, 'Elementar (Luft)\nUmwelt', '4f8a0ff7-4730-410f-9e0c-08bd6082e357', '4f8a0ff7-e5bc-49c7-bb5b-08bd6082e357', '4f8a0ff7-6fc0-41fa-8df3-08bd6082e357', '', '', '', ''),
('4f8a1151-a0cc-425a-949c-08bc6082e357', 'Spurlos Trittlos [Elf]', 'Elf', 'C', 'C', 0, 'Umwelt', '4f8a0ff7-4730-410f-9e0c-08bd6082e357', '4f8a0ff7-e664-4eb9-8676-08bd6082e357', '4f8a0ff7-e664-4eb9-8676-08bd6082e357', '', '', '', ''),
('4f8a1151-dd60-4d3e-bb01-08bc6082e357', 'Traumgestalt [Elf]', 'Elf', 'D', 'E', 0, 'Verständigung', '4f8a0ff7-4730-410f-9e0c-08bd6082e357', '4f8a0ff7-6408-4680-8044-08bd6082e357', '4f8a0ff7-6408-4680-8044-08bd6082e357', '', '', '', ''),
('4f8a1151-115c-46f8-9b91-08bc6082e357', 'Wasseratem [Elf]', 'Elf', 'C', 'C', 0, 'Form', '4f8a0ff7-08dc-471b-8a91-08bd6082e357', '4f8a0ff7-12ec-4e0e-be73-08bd6082e357', '4f8a0ff7-e5bc-49c7-bb5b-08bd6082e357', '', '', '', ''),
('4f8a1151-bc3c-4f4a-8488-08bc6082e357', 'Weiße Mähn und goldener Huf [Elf]', 'Elf', 'D', 'D', 0, 'Beschwörung', '4f8a0ff7-12ec-4e0e-be73-08bd6082e357', '4f8a0ff7-4730-410f-9e0c-08bd6082e357', '4f8a0ff7-6408-4680-8044-08bd6082e357', '', '', '', ''),
('4f8a1151-49d0-4ef7-8ae3-08bc6082e357', 'Wellenlauf [Elf]', 'Elf', 'D', 'D', 0, 'Eigenschaften\nElementar (Wasser)', '4f8a0ff7-08dc-471b-8a91-08bd6082e357', '4f8a0ff7-e664-4eb9-8676-08bd6082e357', '4f8a0ff7-e664-4eb9-8676-08bd6082e357', '', '', '', ''),
('4f8a1151-2f24-453a-b5fc-08bc6082e357', 'Zaubernahrung Hungerbann [Elf]', 'Elf', 'C', 'D', 0, 'Eigenschaften\nEinfluss', '4f8a0ff7-08dc-471b-8a91-08bd6082e357', '4f8a0ff7-08dc-471b-8a91-08bd6082e357', '4f8a0ff7-e5bc-49c7-bb5b-08bd6082e357', '', '', '', ''),
('4f8af8a9-3a30-4f2e-9685-36796082e357', 'Adlerauge Luchsenohr [Elf]', 'Elf', 'B', 'B', 0, 'Eigenschaften\nHellsicht', '4f8a0ff7-12ec-4e0e-be73-08bd6082e357', '4f8a0ff7-4730-410f-9e0c-08bd6082e357', '4f8a0ff7-7f90-493d-a04d-08bd6082e357', '', '', '', ''),
('4f8af8a9-76a8-409f-9adb-36796082e357', 'Beherrschung brechen [Elf]', 'Elf', 'C', 'B', 1, 'Antimagie\nHerrschaft', '4f8a0ff7-12ec-4e0e-be73-08bd6082e357', '4f8a0ff7-4730-410f-9e0c-08bd6082e357', '4f8a0ff7-6408-4680-8044-08bd6082e357', '', '', '', ''),
('4f8af8a9-d494-4662-8763-36796082e357', 'Fulminictus Donnerkeil [Elf]', 'Elf', 'C', 'C', 0, 'Kraft\nSchaden', '4f8a0ff7-4730-410f-9e0c-08bd6082e357', '4f8a0ff7-e664-4eb9-8676-08bd6082e357', '4f8a0ff7-e5bc-49c7-bb5b-08bd6082e357', '', '', '', ''),
('4f8af8a9-7e48-41a5-9e84-36796082e357', 'Gedankenbilder Elfenruf [Elf]', 'Elf', 'B', 'A', 1, 'Verständigung', '4f8a0ff7-12ec-4e0e-be73-08bd6082e357', '4f8a0ff7-4730-410f-9e0c-08bd6082e357', '4f8a0ff7-6408-4680-8044-08bd6082e357', '', '', '', ''),
('4f8af8a9-2d98-4020-a122-36796082e357', 'Hilfreiche Tatze, rettende Schwinge [Elf]', 'Elf', 'D', 'E', 0, 'Einfluss\nVerständigung', '4f8a0ff7-08dc-471b-8a91-08bd6082e357', '4f8a0ff7-4730-410f-9e0c-08bd6082e357', '4f8a0ff7-6408-4680-8044-08bd6082e357', '', '', '', ''),
('4f8af8a9-06b4-4b4d-864c-36796082e357', 'Krötensprung [Elf]', 'Elf', 'B', 'A', 1, 'Eigenschaften', '4f8a0ff7-4730-410f-9e0c-08bd6082e357', '4f8a0ff7-e664-4eb9-8676-08bd6082e357', '4f8a0ff7-6fc0-41fa-8df3-08bd6082e357', '', '', '', ''),
('4f8af8a9-9854-47c8-ba07-36796082e357', 'Movimento Dauerlauf [Elf]', 'Elf', 'A', 'A', 0, 'Eigenschaften', '4f8a0ff7-4730-410f-9e0c-08bd6082e357', '4f8a0ff7-e664-4eb9-8676-08bd6082e357', '4f8a0ff7-e5bc-49c7-bb5b-08bd6082e357', '', '', '', ''),
('4f8af8aa-682c-41f8-8fb7-36796082e357', 'Nebelwand und Morgendunst [Elf]', 'Elf', 'C', 'C', 0, 'Elementar (Luft)\nElementar (Wasser)\nUmwelt', '4f8a0ff7-12ec-4e0e-be73-08bd6082e357', '4f8a0ff7-7f90-493d-a04d-08bd6082e357', '4f8a0ff7-e5bc-49c7-bb5b-08bd6082e357', '', '', '', ''),
('4f8af8aa-6088-4ad5-a517-36796082e357', 'Penetrizzel Tiefenblick [Elf]', 'Elf', 'C', 'C', 1, 'Hellsicht', '4f8a0ff7-12ec-4e0e-be73-08bd6082e357', '4f8a0ff7-12ec-4e0e-be73-08bd6082e357', '4f8a0ff7-e5bc-49c7-bb5b-08bd6082e357', '', '', '', ''),
('4f8af8aa-8184-4924-aa3b-36796082e357', 'Pfeil der Luft [Elf]', 'Elf', 'C', 'C', 0, 'Elementar (Luft)\nObjekt', '4f8a0ff7-12ec-4e0e-be73-08bd6082e357', '4f8a0ff7-4730-410f-9e0c-08bd6082e357', '4f8a0ff7-6408-4680-8044-08bd6082e357', '', '', '', ''),
('4f8af8aa-e9d8-43e7-bd30-36796082e357', 'Pfeil des Humus [Elf]', 'Elf', 'C', 'D', 0, 'Elementar (Humus)\nObjekt', '4f8a0ff7-12ec-4e0e-be73-08bd6082e357', '4f8a0ff7-4730-410f-9e0c-08bd6082e357', '4f8a0ff7-6408-4680-8044-08bd6082e357', '', '', '', ''),
('4f8af8aa-a738-4204-80b8-36796082e357', 'Plumbumbarum schwerer Arm [Elf]', 'Elf', 'B', 'A', 1, 'Einfluss', '4f8a0ff7-6408-4680-8044-08bd6082e357', '4f8a0ff7-e664-4eb9-8676-08bd6082e357', '4f8a0ff7-6fc0-41fa-8df3-08bd6082e357', '', '', '', ''),
('4f8af8aa-a0c0-4f65-81a9-36796082e357', 'Ruhe Körper, ruhe Geist [Elf]', 'Elf', 'B', 'A', 1, 'Heilung', '4f8a0ff7-12ec-4e0e-be73-08bd6082e357', '4f8a0ff7-6408-4680-8044-08bd6082e357', '4f8a0ff7-e5bc-49c7-bb5b-08bd6082e357', '', '', '', ''),
('4f8af8aa-7b6c-49c2-8165-36796082e357', 'Seidenzunge Elfenwort [Elf]', 'Elf', 'B', 'C', 0, 'Einfluss', '4f8a0ff7-12ec-4e0e-be73-08bd6082e357', '4f8a0ff7-4730-410f-9e0c-08bd6082e357', '4f8a0ff7-6408-4680-8044-08bd6082e357', '', '', '', ''),
('4f8af8aa-3de0-4e44-834a-36796082e357', 'Solidirid Weg aus Licht [Elf]', 'Elf', 'D', 'C', 1, 'Elementar (Luft)\nUmwelt', '4f8a0ff7-4730-410f-9e0c-08bd6082e357', '4f8a0ff7-e5bc-49c7-bb5b-08bd6082e357', '4f8a0ff7-6fc0-41fa-8df3-08bd6082e357', '', '', '', ''),
('4f8af8aa-b0e4-4ac0-8d50-36796082e357', 'Spurlos Trittlos [Elf]', 'Elf', 'C', 'C', 0, 'Umwelt', '4f8a0ff7-4730-410f-9e0c-08bd6082e357', '4f8a0ff7-e664-4eb9-8676-08bd6082e357', '4f8a0ff7-e664-4eb9-8676-08bd6082e357', '', '', '', ''),
('4f8af8aa-92d8-4eb3-91f5-36796082e357', 'Traumgestalt [Elf]', 'Elf', 'D', 'E', 0, 'Verständigung', '4f8a0ff7-4730-410f-9e0c-08bd6082e357', '4f8a0ff7-6408-4680-8044-08bd6082e357', '4f8a0ff7-6408-4680-8044-08bd6082e357', '', '', '', ''),
('4f8af8aa-2860-443c-9fde-36796082e357', 'Wasseratem [Elf]', 'Elf', 'C', 'C', 0, 'Form', '4f8a0ff7-08dc-471b-8a91-08bd6082e357', '4f8a0ff7-12ec-4e0e-be73-08bd6082e357', '4f8a0ff7-e5bc-49c7-bb5b-08bd6082e357', '', '', '', ''),
('4f8af8aa-0690-40eb-83a4-36796082e357', 'Weiße Mähn und goldener Huf [Elf]', 'Elf', 'D', 'D', 0, 'Beschwörung', '4f8a0ff7-12ec-4e0e-be73-08bd6082e357', '4f8a0ff7-4730-410f-9e0c-08bd6082e357', '4f8a0ff7-6408-4680-8044-08bd6082e357', '', '', '', ''),
('4f8af8aa-eec4-435f-914c-36796082e357', 'Wellenlauf [Elf]', 'Elf', 'D', 'D', 0, 'Eigenschaften\nElementar (Wasser)', '4f8a0ff7-08dc-471b-8a91-08bd6082e357', '4f8a0ff7-e664-4eb9-8676-08bd6082e357', '4f8a0ff7-e664-4eb9-8676-08bd6082e357', '', '', '', ''),
('4f8af8aa-6a20-4330-a929-36796082e357', 'Zaubernahrung Hungerbann [Elf]', 'Elf', 'C', 'D', 0, 'Eigenschaften\nEinfluss', '4f8a0ff7-08dc-471b-8a91-08bd6082e357', '4f8a0ff7-08dc-471b-8a91-08bd6082e357', '4f8a0ff7-e5bc-49c7-bb5b-08bd6082e357', '', '', '', ''),
('4f8af903-6970-440d-805a-0e8c6082e357', 'Adlerauge Luchsenohr [Elf]', 'Elf', 'B', 'B', 0, 'Eigenschaften\nHellsicht', '4f8a0ff7-12ec-4e0e-be73-08bd6082e357', '4f8a0ff7-4730-410f-9e0c-08bd6082e357', '4f8a0ff7-7f90-493d-a04d-08bd6082e357', '', '', '', ''),
('4f8af903-24c0-4fce-95de-0e8c6082e357', 'Beherrschung brechen [Elf]', 'Elf', 'C', 'B', 1, 'Antimagie\nHerrschaft', '4f8a0ff7-12ec-4e0e-be73-08bd6082e357', '4f8a0ff7-4730-410f-9e0c-08bd6082e357', '4f8a0ff7-6408-4680-8044-08bd6082e357', '', '', '', ''),
('4f8af903-c4f8-4062-8ef6-0e8c6082e357', 'Fulminictus Donnerkeil [Elf]', 'Elf', 'C', 'C', 0, 'Kraft\nSchaden', '4f8a0ff7-4730-410f-9e0c-08bd6082e357', '4f8a0ff7-e664-4eb9-8676-08bd6082e357', '4f8a0ff7-e5bc-49c7-bb5b-08bd6082e357', '', '', '', ''),
('4f8af903-8ed8-46e2-8069-0e8c6082e357', 'Gedankenbilder Elfenruf [Elf]', 'Elf', 'B', 'A', 1, 'Verständigung', '4f8a0ff7-12ec-4e0e-be73-08bd6082e357', '4f8a0ff7-4730-410f-9e0c-08bd6082e357', '4f8a0ff7-6408-4680-8044-08bd6082e357', '', '', '', ''),
('4f8af903-3a64-481c-92d5-0e8c6082e357', 'Hilfreiche Tatze, rettende Schwinge [Elf]', 'Elf', 'D', 'E', 0, 'Einfluss\nVerständigung', '4f8a0ff7-08dc-471b-8a91-08bd6082e357', '4f8a0ff7-4730-410f-9e0c-08bd6082e357', '4f8a0ff7-6408-4680-8044-08bd6082e357', '', '', '', ''),
('4f8af903-ac20-452e-948a-0e8c6082e357', 'Krötensprung [Elf]', 'Elf', 'B', 'A', 1, 'Eigenschaften', '4f8a0ff7-4730-410f-9e0c-08bd6082e357', '4f8a0ff7-e664-4eb9-8676-08bd6082e357', '4f8a0ff7-6fc0-41fa-8df3-08bd6082e357', '', '', '', ''),
('4f8af903-1864-48b4-92f5-0e8c6082e357', 'Movimento Dauerlauf [Elf]', 'Elf', 'A', 'A', 0, 'Eigenschaften', '4f8a0ff7-4730-410f-9e0c-08bd6082e357', '4f8a0ff7-e664-4eb9-8676-08bd6082e357', '4f8a0ff7-e5bc-49c7-bb5b-08bd6082e357', '', '', '', ''),
('4f8af903-c7d0-425d-8532-0e8c6082e357', 'Nebelwand und Morgendunst [Elf]', 'Elf', 'C', 'C', 0, 'Elementar (Luft)\nElementar (Wasser)\nUmwelt', '4f8a0ff7-12ec-4e0e-be73-08bd6082e357', '4f8a0ff7-7f90-493d-a04d-08bd6082e357', '4f8a0ff7-e5bc-49c7-bb5b-08bd6082e357', '', '', '', ''),
('4f8af903-58a8-4d13-948c-0e8c6082e357', 'Penetrizzel Tiefenblick [Elf]', 'Elf', 'C', 'C', 1, 'Hellsicht', '4f8a0ff7-12ec-4e0e-be73-08bd6082e357', '4f8a0ff7-12ec-4e0e-be73-08bd6082e357', '4f8a0ff7-e5bc-49c7-bb5b-08bd6082e357', '', '', '', ''),
('4f8af903-c110-4687-b792-0e8c6082e357', 'Pfeil der Luft [Elf]', 'Elf', 'C', 'C', 0, 'Elementar (Luft)\nObjekt', '4f8a0ff7-12ec-4e0e-be73-08bd6082e357', '4f8a0ff7-4730-410f-9e0c-08bd6082e357', '4f8a0ff7-6408-4680-8044-08bd6082e357', '', '', '', ''),
('4f8af904-c9a8-44c1-b089-0e8c6082e357', 'Pfeil des Humus [Elf]', 'Elf', 'C', 'D', 0, 'Elementar (Humus)\nObjekt', '4f8a0ff7-12ec-4e0e-be73-08bd6082e357', '4f8a0ff7-4730-410f-9e0c-08bd6082e357', '4f8a0ff7-6408-4680-8044-08bd6082e357', '', '', '', ''),
('4f8af904-2778-441f-9a82-0e8c6082e357', 'Plumbumbarum schwerer Arm [Elf]', 'Elf', 'B', 'A', 1, 'Einfluss', '4f8a0ff7-6408-4680-8044-08bd6082e357', '4f8a0ff7-e664-4eb9-8676-08bd6082e357', '4f8a0ff7-6fc0-41fa-8df3-08bd6082e357', '', '', '', ''),
('4f8af904-b874-4fec-8b18-0e8c6082e357', 'Ruhe Körper, ruhe Geist [Elf]', 'Elf', 'B', 'A', 1, 'Heilung', '4f8a0ff7-12ec-4e0e-be73-08bd6082e357', '4f8a0ff7-6408-4680-8044-08bd6082e357', '4f8a0ff7-e5bc-49c7-bb5b-08bd6082e357', '', '', '', ''),
('4f8af904-607c-445e-b784-0e8c6082e357', 'Seidenzunge Elfenwort [Elf]', 'Elf', 'B', 'C', 0, 'Einfluss', '4f8a0ff7-12ec-4e0e-be73-08bd6082e357', '4f8a0ff7-4730-410f-9e0c-08bd6082e357', '4f8a0ff7-6408-4680-8044-08bd6082e357', '', '', '', ''),
('4f8af904-4aec-42d0-b064-0e8c6082e357', 'Solidirid Weg aus Licht [Elf]', 'Elf', 'D', 'C', 1, 'Elementar (Luft)\nUmwelt', '4f8a0ff7-4730-410f-9e0c-08bd6082e357', '4f8a0ff7-e5bc-49c7-bb5b-08bd6082e357', '4f8a0ff7-6fc0-41fa-8df3-08bd6082e357', '', '', '', ''),
('4f8af904-d4bc-48f5-a577-0e8c6082e357', 'Spurlos Trittlos [Elf]', 'Elf', 'C', 'C', 0, 'Umwelt', '4f8a0ff7-4730-410f-9e0c-08bd6082e357', '4f8a0ff7-e664-4eb9-8676-08bd6082e357', '4f8a0ff7-e664-4eb9-8676-08bd6082e357', '', '', '', ''),
('4f8af904-904c-4053-b39f-0e8c6082e357', 'Traumgestalt [Elf]', 'Elf', 'D', 'E', 0, 'Verständigung', '4f8a0ff7-4730-410f-9e0c-08bd6082e357', '4f8a0ff7-6408-4680-8044-08bd6082e357', '4f8a0ff7-6408-4680-8044-08bd6082e357', '', '', '', ''),
('4f8af904-a128-409a-8e54-0e8c6082e357', 'Wasseratem [Elf]', 'Elf', 'C', 'C', 0, 'Form', '4f8a0ff7-08dc-471b-8a91-08bd6082e357', '4f8a0ff7-12ec-4e0e-be73-08bd6082e357', '4f8a0ff7-e5bc-49c7-bb5b-08bd6082e357', '', '', '', ''),
('4f8af904-6104-4390-ac22-0e8c6082e357', 'Weiße Mähn und goldener Huf [Elf]', 'Elf', 'D', 'D', 0, 'Beschwörung', '4f8a0ff7-12ec-4e0e-be73-08bd6082e357', '4f8a0ff7-4730-410f-9e0c-08bd6082e357', '4f8a0ff7-6408-4680-8044-08bd6082e357', '', '', '', ''),
('4f8af904-077c-4b51-902c-0e8c6082e357', 'Wellenlauf [Elf]', 'Elf', 'D', 'D', 0, 'Eigenschaften\nElementar (Wasser)', '4f8a0ff7-08dc-471b-8a91-08bd6082e357', '4f8a0ff7-e664-4eb9-8676-08bd6082e357', '4f8a0ff7-e664-4eb9-8676-08bd6082e357', '', '', '', ''),
('4f8af904-4990-4946-ae25-0e8c6082e357', 'Zaubernahrung Hungerbann [Elf]', 'Elf', 'C', 'D', 0, 'Eigenschaften\nEinfluss', '4f8a0ff7-08dc-471b-8a91-08bd6082e357', '4f8a0ff7-08dc-471b-8a91-08bd6082e357', '4f8a0ff7-e5bc-49c7-bb5b-08bd6082e357', '', '', '', ''),
('4f8af9be-8534-4a23-aa4e-0b606082e357', 'Adlerauge Luchsenohr [Elf]', 'Elf', 'B', 'B', 0, 'Eigenschaften\nHellsicht', '4f8a0ff7-12ec-4e0e-be73-08bd6082e357', '4f8a0ff7-4730-410f-9e0c-08bd6082e357', '4f8a0ff7-7f90-493d-a04d-08bd6082e357', '', '', '', ''),
('4f8af9c6-9288-4375-9683-0b606082e357', 'Beherrschung brechen [Elf]', 'Elf', 'C', 'B', 1, 'Antimagie\nHerrschaft', '4f8a0ff7-12ec-4e0e-be73-08bd6082e357', '4f8a0ff7-4730-410f-9e0c-08bd6082e357', '4f8a0ff7-6408-4680-8044-08bd6082e357', '', '', '', ''),
('4f8af9c7-d4a8-41be-bf67-0b606082e357', 'Fulminictus Donnerkeil [Elf]', 'Elf', 'C', 'C', 0, 'Kraft\nSchaden', '4f8a0ff7-4730-410f-9e0c-08bd6082e357', '4f8a0ff7-e664-4eb9-8676-08bd6082e357', '4f8a0ff7-e5bc-49c7-bb5b-08bd6082e357', '', '', '', ''),
('4f8af9c8-ae8c-4c24-bfde-0b606082e357', 'Gedankenbilder Elfenruf [Elf]', 'Elf', 'B', 'A', 1, 'Verständigung', '4f8a0ff7-12ec-4e0e-be73-08bd6082e357', '4f8a0ff7-4730-410f-9e0c-08bd6082e357', '4f8a0ff7-6408-4680-8044-08bd6082e357', '', '', '', ''),
('4f8af9c8-4874-4cc0-8bb7-0b606082e357', 'Hilfreiche Tatze, rettende Schwinge [Elf]', 'Elf', 'D', 'E', 0, 'Einfluss\nVerständigung', '4f8a0ff7-08dc-471b-8a91-08bd6082e357', '4f8a0ff7-4730-410f-9e0c-08bd6082e357', '4f8a0ff7-6408-4680-8044-08bd6082e357', '', '', '', ''),
('4f8af9cb-a768-4e40-bea5-0b606082e357', 'Krötensprung [Elf]', 'Elf', 'B', 'A', 1, 'Eigenschaften', '4f8a0ff7-4730-410f-9e0c-08bd6082e357', '4f8a0ff7-e664-4eb9-8676-08bd6082e357', '4f8a0ff7-6fc0-41fa-8df3-08bd6082e357', '', '', '', ''),
('4f8af9cb-2ce4-4d9e-8a12-0b606082e357', 'Movimento Dauerlauf [Elf]', 'Elf', 'A', 'A', 0, 'Eigenschaften', '4f8a0ff7-4730-410f-9e0c-08bd6082e357', '4f8a0ff7-e664-4eb9-8676-08bd6082e357', '4f8a0ff7-e5bc-49c7-bb5b-08bd6082e357', '', '', '', ''),
('4f8af9cb-a964-45c6-8ae5-0b606082e357', 'Nebelwand und Morgendunst [Elf]', 'Elf', 'C', 'C', 0, 'Elementar (Luft)\nElementar (Wasser)\nUmwelt', '4f8a0ff7-12ec-4e0e-be73-08bd6082e357', '4f8a0ff7-7f90-493d-a04d-08bd6082e357', '4f8a0ff7-e5bc-49c7-bb5b-08bd6082e357', '', '', '', ''),
('4f8af9cb-cf34-4d47-89b0-0b606082e357', 'Penetrizzel Tiefenblick [Elf]', 'Elf', 'C', 'C', 1, 'Hellsicht', '4f8a0ff7-12ec-4e0e-be73-08bd6082e357', '4f8a0ff7-12ec-4e0e-be73-08bd6082e357', '4f8a0ff7-e5bc-49c7-bb5b-08bd6082e357', '', '', '', ''),
('4f8af9cb-34f0-4730-8180-0b606082e357', 'Pfeil der Luft [Elf]', 'Elf', 'C', 'C', 0, 'Elementar (Luft)\nObjekt', '4f8a0ff7-12ec-4e0e-be73-08bd6082e357', '4f8a0ff7-4730-410f-9e0c-08bd6082e357', '4f8a0ff7-6408-4680-8044-08bd6082e357', '', '', '', ''),
('4f8af9cb-94d0-472c-8432-0b606082e357', 'Pfeil des Humus [Elf]', 'Elf', 'C', 'D', 0, 'Elementar (Humus)\nObjekt', '4f8a0ff7-12ec-4e0e-be73-08bd6082e357', '4f8a0ff7-4730-410f-9e0c-08bd6082e357', '4f8a0ff7-6408-4680-8044-08bd6082e357', '', '', '', ''),
('4f8af9cb-a62c-44bd-ab48-0b606082e357', 'Plumbumbarum schwerer Arm [Elf]', 'Elf', 'B', 'A', 1, 'Einfluss', '4f8a0ff7-6408-4680-8044-08bd6082e357', '4f8a0ff7-e664-4eb9-8676-08bd6082e357', '4f8a0ff7-6fc0-41fa-8df3-08bd6082e357', '', '', '', ''),
('4f8af9cb-6a04-4ec1-81d1-0b606082e357', 'Ruhe Körper, ruhe Geist [Elf]', 'Elf', 'B', 'A', 1, 'Heilung', '4f8a0ff7-12ec-4e0e-be73-08bd6082e357', '4f8a0ff7-6408-4680-8044-08bd6082e357', '4f8a0ff7-e5bc-49c7-bb5b-08bd6082e357', '', '', '', ''),
('4f8af9cb-1cf4-4c51-a95b-0b606082e357', 'Seidenzunge Elfenwort [Elf]', 'Elf', 'B', 'C', 0, 'Einfluss', '4f8a0ff7-12ec-4e0e-be73-08bd6082e357', '4f8a0ff7-4730-410f-9e0c-08bd6082e357', '4f8a0ff7-6408-4680-8044-08bd6082e357', '', '', '', ''),
('4f8af9cb-8338-4042-8ae6-0b606082e357', 'Solidirid Weg aus Licht [Elf]', 'Elf', 'D', 'C', 1, 'Elementar (Luft)\nUmwelt', '4f8a0ff7-4730-410f-9e0c-08bd6082e357', '4f8a0ff7-e5bc-49c7-bb5b-08bd6082e357', '4f8a0ff7-6fc0-41fa-8df3-08bd6082e357', '', '', '', ''),
('4f8af9cb-df30-47ff-b363-0b606082e357', 'Spurlos Trittlos [Elf]', 'Elf', 'C', 'C', 0, 'Umwelt', '4f8a0ff7-4730-410f-9e0c-08bd6082e357', '4f8a0ff7-e664-4eb9-8676-08bd6082e357', '4f8a0ff7-e664-4eb9-8676-08bd6082e357', '', '', '', ''),
('4f8af9cb-59bc-4a56-a836-0b606082e357', 'Traumgestalt [Elf]', 'Elf', 'D', 'E', 0, 'Verständigung', '4f8a0ff7-4730-410f-9e0c-08bd6082e357', '4f8a0ff7-6408-4680-8044-08bd6082e357', '4f8a0ff7-6408-4680-8044-08bd6082e357', '', '', '', ''),
('4f8af9cb-a164-4f7c-a06b-0b606082e357', 'Wasseratem [Elf]', 'Elf', 'C', 'C', 0, 'Form', '4f8a0ff7-08dc-471b-8a91-08bd6082e357', '4f8a0ff7-12ec-4e0e-be73-08bd6082e357', '4f8a0ff7-e5bc-49c7-bb5b-08bd6082e357', '', '', '', ''),
('4f8af9cb-a6d4-4b67-a90d-0b606082e357', 'Weiße Mähn und goldener Huf [Elf]', 'Elf', 'D', 'D', 0, 'Beschwörung', '4f8a0ff7-12ec-4e0e-be73-08bd6082e357', '4f8a0ff7-4730-410f-9e0c-08bd6082e357', '4f8a0ff7-6408-4680-8044-08bd6082e357', '', '', '', ''),
('4f8af9cc-4c60-4464-acc5-0b606082e357', 'Wellenlauf [Elf]', 'Elf', 'D', 'D', 0, 'Eigenschaften\nElementar (Wasser)', '4f8a0ff7-08dc-471b-8a91-08bd6082e357', '4f8a0ff7-e664-4eb9-8676-08bd6082e357', '4f8a0ff7-e664-4eb9-8676-08bd6082e357', '', '', '', ''),
('4f8af9cc-1d6c-4ed5-95e7-0b606082e357', 'Zaubernahrung Hungerbann [Elf]', 'Elf', 'C', 'D', 0, 'Eigenschaften\nEinfluss', '4f8a0ff7-08dc-471b-8a91-08bd6082e357', '4f8a0ff7-08dc-471b-8a91-08bd6082e357', '4f8a0ff7-e5bc-49c7-bb5b-08bd6082e357', '', '', '', '');
